ID_Produto,Nome_Produto,Valor,Moeda
PRD000001,Conta Digital 0001,"R$ 21,528.06",BRL
PRD000002,Cartao de Credito 0002,"R$ 1,813.88",BRL
PRD000003,Emprestimo Pessoal 0003,"R$ 16,239.18",BRL
PRD000004,Financiamento 0004,"$ 1,792.07",USD
PRD000005,Seguro 0005,"R$ 5,447.93",BRL
PRD000006,CDB 0006,"R$ 24,333.59",BRL
PRD000007,Fundo de Investimento 0007,"R$ 6,562.86",BRL
PRD000008,Cambio 0008,"$ 2,917.64",USD
PRD000009,Previdencia 0009,"R$ 3,982.59",BRL
PRD000010,Titulo de Capitalizacao 0010,"R$ 11,593.26",BRL
PRD000011,Conta Digital 0011,"R$ 20,171.55",BRL
PRD000012,Cartao de Credito 0012,"$ 2,406.56",USD
PRD000013,Emprestimo Pessoal 0013,"R$ 12,985.46",BRL
PRD000014,Financiamento 0014,"R$ 7,712.37",BRL
PRD000015,Seguro 0015,"R$ 17,159.59",BRL
PRD000016,CDB 0016,"$ 2,706.69",USD
PRD000017,Fundo de Investimento 0017,"R$ 15,482.03",BRL
PRD000018,Cambio 0018,"R$ 11,810.89",BRL
PRD000019,Previdencia 0019,"R$ 1,640.99",BRL
PRD000020,Titulo de Capitalizacao 0020,"$ 4,221.37",USD
PRD000021,Conta Digital 0021,"R$ 10,203.06",BRL
PRD000022,Cartao de Credito 0022,"R$ 3,296.79",BRL
PRD000023,Emprestimo Pessoal 0023,"R$ 10,588.90",BRL
PRD000024,Financiamento 0024,$ 20.11,USD
PRD000025,Seguro 0025,"R$ 8,213.86",BRL
PRD000026,CDB 0026,"R$ 21,381.39",BRL
PRD000027,Fundo de Investimento 0027,"R$ 1,105.31",BRL
PRD000028,Cambio 0028,"$ 1,528.59",USD
PRD000029,Previdencia 0029,"R$ 22,634.67",BRL
PRD000030,Titulo de Capitalizacao 0030,"R$ 12,426.63",BRL
PRD000031,Conta Digital 0031,"R$ 7,087.88",BRL
PRD000032,Cartao de Credito 0032,"$ 4,668.12",USD
PRD000033,Emprestimo Pessoal 0033,"R$ 17,789.81",BRL
PRD000034,Financiamento 0034,"R$ 15,807.40",BRL
PRD000035,Seguro 0035,"R$ 23,978.09",BRL
PRD000036,CDB 0036,"$ 5,729.14",USD
PRD000037,Fundo de Investimento 0037,"R$ 22,361.65",BRL
PRD000038,Cambio 0038,"R$ 22,020.74",BRL
PRD000039,Previdencia 0039,"R$ 9,401.93",BRL
PRD000040,Titulo de Capitalizacao 0040,"$ 6,076.47",USD
PRD000041,Conta Digital 0041,"R$ 15,680.55",BRL
PRD000042,Cartao de Credito 0042,"R$ 4,936.45",BRL
PRD000043,Emprestimo Pessoal 0043,"R$ 6,682.94",BRL
PRD000044,Financiamento 0044,"$ 3,544.86",USD
PRD000045,Seguro 0045,"R$ 18,353.52",BRL
PRD000046,CDB 0046,"R$ 18,971.18",BRL
PRD000047,Fundo de Investimento 0047,"R$ 7,995.51",BRL
PRD000048,Cambio 0048,"$ 4,023.72",USD
PRD000049,Previdencia 0049,R$ 688.79,BRL
PRD000050,Titulo de Capitalizacao 0050,"R$ 6,323.21",BRL
PRD000051,Conta Digital 0051,"R$ 20,459.49",BRL
PRD000052,Cartao de Credito 0052,"$ 7,251.29",USD
PRD000053,Emprestimo Pessoal 0053,"R$ 10,236.00",BRL
PRD000054,Financiamento 0054,"R$ 1,866.16",BRL
PRD000055,Seguro 0055,"R$ 24,684.28",BRL
PRD000056,CDB 0056,$ 565.83,USD
PRD000057,Fundo de Investimento 0057,"R$ 13,316.81",BRL
PRD000058,Cambio 0058,"R$ 18,013.38",BRL
PRD000059,Previdencia 0059,"R$ 1,207.73",BRL
PRD000060,Titulo de Capitalizacao 0060,"$ 4,863.96",USD
PRD000061,Conta Digital 0061,"R$ 22,094.48",BRL
PRD000062,Cartao de Credito 0062,"R$ 19,643.09",BRL
PRD000063,Emprestimo Pessoal 0063,"R$ 5,965.50",BRL
PRD000064,Financiamento 0064,"$ 5,258.70",USD
PRD000065,Seguro 0065,"R$ 22,398.02",BRL
PRD000066,CDB 0066,"R$ 8,734.66",BRL
PRD000067,Fundo de Investimento 0067,"R$ 20,087.54",BRL
PRD000068,Cambio 0068,"$ 1,343.46",USD
PRD000069,Previdencia 0069,"R$ 19,413.09",BRL
PRD000070,Titulo de Capitalizacao 0070,"R$ 6,055.66",BRL
PRD000071,Conta Digital 0071,"R$ 2,515.03",BRL
PRD000072,Cartao de Credito 0072,"$ 4,959.53",USD
PRD000073,Emprestimo Pessoal 0073,"R$ 22,373.76",BRL
PRD000074,Financiamento 0074,"R$ 14,167.73",BRL
PRD000075,Seguro 0075,"R$ 17,040.28",BRL
PRD000076,CDB 0076,"$ 3,612.24",USD
PRD000077,Fundo de Investimento 0077,"R$ 17,570.60",BRL
PRD000078,Cambio 0078,"R$ 12,188.59",BRL
PRD000079,Previdencia 0079,"R$ 7,078.36",BRL
PRD000080,Titulo de Capitalizacao 0080,"$ 3,179.69",USD
PRD000081,Conta Digital 0081,"R$ 15,077.82",BRL
PRD000082,Cartao de Credito 0082,"R$ 13,822.97",BRL
PRD000083,Emprestimo Pessoal 0083,"R$ 23,154.10",BRL
PRD000084,Financiamento 0084,"$ 3,066.76",USD
PRD000085,Seguro 0085,"R$ 13,071.09",BRL
PRD000086,CDB 0086,"R$ 4,436.51",BRL
PRD000087,Fundo de Investimento 0087,"R$ 8,895.08",BRL
PRD000088,Cambio 0088,"$ 6,334.52",USD
PRD000089,Previdencia 0089,"R$ 8,331.03",BRL
PRD000090,Titulo de Capitalizacao 0090,"R$ 22,707.34",BRL
PRD000091,Conta Digital 0091,"R$ 4,612.55",BRL
PRD000092,Cartao de Credito 0092,"$ 4,069.31",USD
PRD000093,Emprestimo Pessoal 0093,"R$ 6,754.12",BRL
PRD000094,Financiamento 0094,"R$ 21,816.43",BRL
PRD000095,Seguro 0095,"R$ 24,369.79",BRL
PRD000096,CDB 0096,"$ 5,033.90",USD
PRD000097,Fundo de Investimento 0097,"R$ 9,973.57",BRL
PRD000098,Cambio 0098,"R$ 19,026.75",BRL
PRD000099,Previdencia 0099,"R$ 23,956.25",BRL
PRD000100,Titulo de Capitalizacao 0100,$ 974.18,USD
PRD000101,Conta Digital 0101,"R$ 3,278.79",BRL
PRD000102,Cartao de Credito 0102,"R$ 4,034.82",BRL
PRD000103,Emprestimo Pessoal 0103,"R$ 3,507.61",BRL
PRD000104,Financiamento 0104,"$ 4,782.30",USD
PRD000105,Seguro 0105,"R$ 22,572.43",BRL
PRD000106,CDB 0106,"R$ 14,107.26",BRL
PRD000107,Fundo de Investimento 0107,"R$ 1,725.55",BRL
PRD000108,Cambio 0108,"$ 1,680.07",USD
PRD000109,Previdencia 0109,"R$ 21,085.66",BRL
PRD000110,Titulo de Capitalizacao 0110,"R$ 17,704.73",BRL
PRD000111,Conta Digital 0111,"R$ 18,944.97",BRL
PRD000112,Cartao de Credito 0112,"$ 3,900.20",USD
PRD000113,Emprestimo Pessoal 0113,"R$ 19,670.49",BRL
PRD000114,Financiamento 0114,"R$ 11,759.18",BRL
PRD000115,Seguro 0115,"R$ 5,635.37",BRL
PRD000116,CDB 0116,"$ 4,603.50",USD
PRD000117,Fundo de Investimento 0117,"R$ 4,939.23",BRL
PRD000118,Cambio 0118,"R$ 3,879.83",BRL
PRD000119,Previdencia 0119,"R$ 2,045.72",BRL
PRD000120,Titulo de Capitalizacao 0120,"$ 2,541.30",USD
PRD000121,Conta Digital 0121,"R$ 16,164.97",BRL
PRD000122,Cartao de Credito 0122,"R$ 1,724.34",BRL
PRD000123,Emprestimo Pessoal 0123,"R$ 9,268.91",BRL
PRD000124,Financiamento 0124,$ 502.63,USD
PRD000125,Seguro 0125,"R$ 8,615.46",BRL
PRD000126,CDB 0126,"R$ 20,113.55",BRL
PRD000127,Fundo de Investimento 0127,"R$ 18,042.91",BRL
PRD000128,Cambio 0128,"$ 5,749.14",USD
PRD000129,Previdencia 0129,"R$ 18,182.63",BRL
PRD000130,Titulo de Capitalizacao 0130,"R$ 23,380.60",BRL
PRD000131,Conta Digital 0131,R$ 855.68,BRL
PRD000132,Cartao de Credito 0132,"$ 6,109.15",USD
PRD000133,Emprestimo Pessoal 0133,"R$ 23,871.38",BRL
PRD000134,Financiamento 0134,"R$ 6,606.66",BRL
PRD000135,Seguro 0135,"R$ 1,234.89",BRL
PRD000136,CDB 0136,$ 256.39,USD
PRD000137,Fundo de Investimento 0137,"R$ 18,641.47",BRL
PRD000138,Cambio 0138,"R$ 7,283.87",BRL
PRD000139,Previdencia 0139,"R$ 21,367.76",BRL
PRD000140,Titulo de Capitalizacao 0140,"$ 5,191.68",USD
PRD000141,Conta Digital 0141,"R$ 19,488.37",BRL
PRD000142,Cartao de Credito 0142,"R$ 1,302.57",BRL
PRD000143,Emprestimo Pessoal 0143,"R$ 3,591.34",BRL
PRD000144,Financiamento 0144,"$ 3,145.54",USD
PRD000145,Seguro 0145,"R$ 6,768.26",BRL
PRD000146,CDB 0146,"R$ 6,497.72",BRL
PRD000147,Fundo de Investimento 0147,"R$ 12,335.00",BRL
PRD000148,Cambio 0148,$ 637.10,USD
PRD000149,Previdencia 0149,"R$ 13,108.90",BRL
PRD000150,Titulo de Capitalizacao 0150,"R$ 8,261.34",BRL
PRD000151,Conta Digital 0151,"R$ 17,159.22",BRL
PRD000152,Cartao de Credito 0152,"$ 4,309.76",USD
PRD000153,Emprestimo Pessoal 0153,R$ 39.59,BRL
PRD000154,Financiamento 0154,"R$ 21,460.21",BRL
PRD000155,Seguro 0155,"R$ 16,029.77",BRL
PRD000156,CDB 0156,"$ 6,870.62",USD
PRD000157,Fundo de Investimento 0157,"R$ 2,154.90",BRL
PRD000158,Cambio 0158,"R$ 1,534.57",BRL
PRD000159,Previdencia 0159,"R$ 14,687.80",BRL
PRD000160,Titulo de Capitalizacao 0160,"$ 2,869.45",USD
PRD000161,Conta Digital 0161,"R$ 19,302.38",BRL
PRD000162,Cartao de Credito 0162,"R$ 9,082.54",BRL
PRD000163,Emprestimo Pessoal 0163,"R$ 14,916.90",BRL
PRD000164,Financiamento 0164,"$ 7,267.80",USD
PRD000165,Seguro 0165,"R$ 6,978.99",BRL
PRD000166,CDB 0166,"R$ 15,602.70",BRL
PRD000167,Fundo de Investimento 0167,"R$ 23,289.60",BRL
PRD000168,Cambio 0168,"$ 3,700.91",USD
PRD000169,Previdencia 0169,"R$ 22,807.45",BRL
PRD000170,Titulo de Capitalizacao 0170,"R$ 3,561.55",BRL
PRD000171,Conta Digital 0171,"R$ 1,595.89",BRL
PRD000172,Cartao de Credito 0172,"$ 6,803.43",USD
PRD000173,Emprestimo Pessoal 0173,"R$ 20,182.87",BRL
PRD000174,Financiamento 0174,"R$ 7,260.55",BRL
PRD000175,Seguro 0175,"R$ 15,384.16",BRL
PRD000176,CDB 0176,"$ 6,542.46",USD
PRD000177,Fundo de Investimento 0177,"R$ 13,053.23",BRL
PRD000178,Cambio 0178,"R$ 23,235.04",BRL
PRD000179,Previdencia 0179,"R$ 14,775.71",BRL
PRD000180,Titulo de Capitalizacao 0180,"$ 3,784.44",USD
PRD000181,Conta Digital 0181,"R$ 13,856.19",BRL
PRD000182,Cartao de Credito 0182,"R$ 14,603.47",BRL
PRD000183,Emprestimo Pessoal 0183,"R$ 17,086.80",BRL
PRD000184,Financiamento 0184,"$ 4,583.39",USD
PRD000185,Seguro 0185,"R$ 13,426.72",BRL
PRD000186,CDB 0186,"R$ 17,594.03",BRL
PRD000187,Fundo de Investimento 0187,"R$ 19,447.03",BRL
PRD000188,Cambio 0188,"$ 5,626.49",USD
PRD000189,Previdencia 0189,"R$ 15,669.29",BRL
PRD000190,Titulo de Capitalizacao 0190,"R$ 8,846.61",BRL
PRD000191,Conta Digital 0191,"R$ 6,583.15",BRL
PRD000192,Cartao de Credito 0192,$ 365.63,USD
PRD000193,Emprestimo Pessoal 0193,"R$ 23,614.70",BRL
PRD000194,Financiamento 0194,"R$ 23,965.85",BRL
PRD000195,Seguro 0195,"R$ 11,951.52",BRL
PRD000196,CDB 0196,"$ 3,456.66",USD
PRD000197,Fundo de Investimento 0197,"R$ 12,062.94",BRL
PRD000198,Cambio 0198,"R$ 5,337.20",BRL
PRD000199,Previdencia 0199,"R$ 12,182.38",BRL
PRD000200,Titulo de Capitalizacao 0200,$ 303.63,USD
PRD000201,Conta Digital 0201,R$ 847.26,BRL
PRD000202,Cartao de Credito 0202,"R$ 9,039.77",BRL
PRD000203,Emprestimo Pessoal 0203,"R$ 20,345.49",BRL
PRD000204,Financiamento 0204,"$ 3,244.73",USD
PRD000205,Seguro 0205,"R$ 10,717.38",BRL
PRD000206,CDB 0206,"R$ 16,617.75",BRL
PRD000207,Fundo de Investimento 0207,"R$ 2,077.22",BRL
PRD000208,Cambio 0208,"$ 4,970.83",USD
PRD000209,Previdencia 0209,"R$ 22,108.12",BRL
PRD000210,Titulo de Capitalizacao 0210,"R$ 18,301.26",BRL
PRD000211,Conta Digital 0211,"R$ 22,156.26",BRL
PRD000212,Cartao de Credito 0212,"$ 3,226.92",USD
PRD000213,Emprestimo Pessoal 0213,"R$ 8,340.75",BRL
PRD000214,Financiamento 0214,"R$ 7,924.72",BRL
PRD000215,Seguro 0215,"R$ 1,707.28",BRL
PRD000216,CDB 0216,"$ 3,781.51",USD
PRD000217,Fundo de Investimento 0217,"R$ 22,811.62",BRL
PRD000218,Cambio 0218,"R$ 5,169.59",BRL
PRD000219,Previdencia 0219,"R$ 9,076.64",BRL
PRD000220,Titulo de Capitalizacao 0220,"$ 6,237.06",USD
PRD000221,Conta Digital 0221,"R$ 21,813.73",BRL
PRD000222,Cartao de Credito 0222,"R$ 4,292.68",BRL
PRD000223,Emprestimo Pessoal 0223,"R$ 2,808.27",BRL
PRD000224,Financiamento 0224,$ 440.20,USD
PRD000225,Seguro 0225,"R$ 10,489.84",BRL
PRD000226,CDB 0226,"R$ 20,019.16",BRL
PRD000227,Fundo de Investimento 0227,"R$ 17,939.86",BRL
PRD000228,Cambio 0228,"$ 4,349.62",USD
PRD000229,Previdencia 0229,"R$ 21,385.65",BRL
PRD000230,Titulo de Capitalizacao 0230,"R$ 5,910.19",BRL
PRD000231,Conta Digital 0231,"R$ 16,515.36",BRL
PRD000232,Cartao de Credito 0232,"$ 4,990.11",USD
PRD000233,Emprestimo Pessoal 0233,"R$ 24,142.95",BRL
PRD000234,Financiamento 0234,"R$ 9,936.54",BRL
PRD000235,Seguro 0235,"R$ 7,999.37",BRL
PRD000236,CDB 0236,"$ 6,744.47",USD
PRD000237,Fundo de Investimento 0237,"R$ 3,080.84",BRL
PRD000238,Cambio 0238,"R$ 15,885.00",BRL
PRD000239,Previdencia 0239,"R$ 15,830.47",BRL
PRD000240,Titulo de Capitalizacao 0240,"$ 4,436.81",USD
PRD000241,Conta Digital 0241,"R$ 22,794.51",BRL
PRD000242,Cartao de Credito 0242,"R$ 2,385.39",BRL
PRD000243,Emprestimo Pessoal 0243,"R$ 19,837.44",BRL
PRD000244,Financiamento 0244,"$ 2,722.51",USD
PRD000245,Seguro 0245,"R$ 18,921.02",BRL
PRD000246,CDB 0246,"R$ 4,355.37",BRL
PRD000247,Fundo de Investimento 0247,"R$ 22,788.28",BRL
PRD000248,Cambio 0248,"$ 1,182.18",USD
PRD000249,Previdencia 0249,"R$ 15,333.31",BRL
PRD000250,Titulo de Capitalizacao 0250,"R$ 19,361.22",BRL
PRD000251,Conta Digital 0251,"R$ 19,219.29",BRL
PRD000252,Cartao de Credito 0252,"$ 6,154.50",USD
PRD000253,Emprestimo Pessoal 0253,"R$ 1,067.06",BRL
PRD000254,Financiamento 0254,"R$ 17,558.77",BRL
PRD000255,Seguro 0255,"R$ 17,643.06",BRL
PRD000256,CDB 0256,"$ 3,358.71",USD
PRD000257,Fundo de Investimento 0257,"R$ 21,989.56",BRL
PRD000258,Cambio 0258,"R$ 4,490.20",BRL
PRD000259,Previdencia 0259,"R$ 13,835.15",BRL
PRD000260,Titulo de Capitalizacao 0260,"$ 1,509.09",USD
PRD000261,Conta Digital 0261,"R$ 1,358.41",BRL
PRD000262,Cartao de Credito 0262,"R$ 11,523.94",BRL
PRD000263,Emprestimo Pessoal 0263,"R$ 2,078.66",BRL
PRD000264,Financiamento 0264,"$ 2,109.33",USD
PRD000265,Seguro 0265,"R$ 8,757.15",BRL
PRD000266,CDB 0266,"R$ 18,567.34",BRL
PRD000267,Fundo de Investimento 0267,"R$ 14,530.06",BRL
PRD000268,Cambio 0268,$ 274.83,USD
PRD000269,Previdencia 0269,"R$ 9,178.50",BRL
PRD000270,Titulo de Capitalizacao 0270,"R$ 4,880.86",BRL
PRD000271,Conta Digital 0271,"R$ 12,204.25",BRL
PRD000272,Cartao de Credito 0272,"$ 4,275.23",USD
PRD000273,Emprestimo Pessoal 0273,"R$ 14,222.29",BRL
PRD000274,Financiamento 0274,"R$ 17,962.32",BRL
PRD000275,Seguro 0275,"R$ 16,899.78",BRL
PRD000276,CDB 0276,"$ 5,191.83",USD
PRD000277,Fundo de Investimento 0277,"R$ 19,974.91",BRL
PRD000278,Cambio 0278,"R$ 2,053.13",BRL
PRD000279,Previdencia 0279,"R$ 14,820.24",BRL
PRD000280,Titulo de Capitalizacao 0280,"$ 5,414.70",USD
PRD000281,Conta Digital 0281,"R$ 6,693.79",BRL
PRD000282,Cartao de Credito 0282,"R$ 19,762.95",BRL
PRD000283,Emprestimo Pessoal 0283,"R$ 19,909.34",BRL
PRD000284,Financiamento 0284,"$ 7,254.41",USD
PRD000285,Seguro 0285,"R$ 13,705.40",BRL
PRD000286,CDB 0286,"R$ 13,365.31",BRL
PRD000287,Fundo de Investimento 0287,"R$ 13,543.49",BRL
PRD000288,Cambio 0288,"$ 4,600.29",USD
PRD000289,Previdencia 0289,"R$ 12,195.25",BRL
PRD000290,Titulo de Capitalizacao 0290,"R$ 10,192.53",BRL
PRD000291,Conta Digital 0291,"R$ 20,211.87",BRL
PRD000292,Cartao de Credito 0292,"$ 2,820.53",USD
PRD000293,Emprestimo Pessoal 0293,"R$ 16,974.39",BRL
PRD000294,Financiamento 0294,"R$ 4,064.28",BRL
PRD000295,Seguro 0295,"R$ 24,789.38",BRL
PRD000296,CDB 0296,"$ 2,869.31",USD
PRD000297,Fundo de Investimento 0297,"R$ 23,004.22",BRL
PRD000298,Cambio 0298,"R$ 13,560.15",BRL
PRD000299,Previdencia 0299,R$ 953.73,BRL
PRD000300,Titulo de Capitalizacao 0300,"$ 1,057.93",USD
PRD000301,Conta Digital 0301,"R$ 8,435.21",BRL
PRD000302,Cartao de Credito 0302,"R$ 14,997.19",BRL
PRD000303,Emprestimo Pessoal 0303,"R$ 4,581.27",BRL
PRD000304,Financiamento 0304,"$ 4,240.58",USD
PRD000305,Seguro 0305,"R$ 5,280.40",BRL
PRD000306,CDB 0306,"R$ 17,715.84",BRL
PRD000307,Fundo de Investimento 0307,"R$ 17,845.39",BRL
PRD000308,Cambio 0308,"$ 6,222.60",USD
PRD000309,Previdencia 0309,"R$ 12,135.74",BRL
PRD000310,Titulo de Capitalizacao 0310,"R$ 5,231.75",BRL
PRD000311,Conta Digital 0311,"R$ 9,877.90",BRL
PRD000312,Cartao de Credito 0312,"$ 1,055.68",USD
PRD000313,Emprestimo Pessoal 0313,"R$ 11,475.64",BRL
PRD000314,Financiamento 0314,"R$ 21,005.31",BRL
PRD000315,Seguro 0315,"R$ 20,594.63",BRL
PRD000316,CDB 0316,"$ 2,930.00",USD
PRD000317,Fundo de Investimento 0317,"R$ 22,422.61",BRL
PRD000318,Cambio 0318,"R$ 16,921.44",BRL
PRD000319,Previdencia 0319,"R$ 3,473.37",BRL
PRD000320,Titulo de Capitalizacao 0320,"$ 5,808.69",USD
PRD000321,Conta Digital 0321,"R$ 14,301.28",BRL
PRD000322,Cartao de Credito 0322,"R$ 23,576.26",BRL
PRD000323,Emprestimo Pessoal 0323,"R$ 17,065.02",BRL
PRD000324,Financiamento 0324,"$ 2,254.01",USD
PRD000325,Seguro 0325,"R$ 21,145.50",BRL
PRD000326,CDB 0326,"R$ 12,566.32",BRL
PRD000327,Fundo de Investimento 0327,"R$ 14,698.22",BRL
PRD000328,Cambio 0328,"$ 1,102.68",USD
PRD000329,Previdencia 0329,"R$ 13,479.40",BRL
PRD000330,Titulo de Capitalizacao 0330,"R$ 4,724.42",BRL
PRD000331,Conta Digital 0331,"R$ 9,780.13",BRL
PRD000332,Cartao de Credito 0332,$ 831.15,USD
PRD000333,Emprestimo Pessoal 0333,"R$ 15,823.91",BRL
PRD000334,Financiamento 0334,"R$ 15,220.08",BRL
PRD000335,Seguro 0335,"R$ 11,335.13",BRL
PRD000336,CDB 0336,"$ 6,660.37",USD
PRD000337,Fundo de Investimento 0337,"R$ 20,765.40",BRL
PRD000338,Cambio 0338,"R$ 15,745.80",BRL
PRD000339,Previdencia 0339,"R$ 3,237.84",BRL
PRD000340,Titulo de Capitalizacao 0340,"$ 5,415.41",USD
PRD000341,Conta Digital 0341,"R$ 18,786.83",BRL
PRD000342,Cartao de Credito 0342,"R$ 21,289.86",BRL
PRD000343,Emprestimo Pessoal 0343,"R$ 24,490.87",BRL
PRD000344,Financiamento 0344,"$ 6,003.73",USD
PRD000345,Seguro 0345,"R$ 19,270.67",BRL
PRD000346,CDB 0346,R$ 931.10,BRL
PRD000347,Fundo de Investimento 0347,"R$ 17,801.77",BRL
PRD000348,Cambio 0348,"$ 2,303.88",USD
PRD000349,Previdencia 0349,"R$ 5,851.23",BRL
PRD000350,Titulo de Capitalizacao 0350,"R$ 20,889.52",BRL
PRD000351,Conta Digital 0351,"R$ 15,906.41",BRL
PRD000352,Cartao de Credito 0352,"$ 5,357.50",USD
PRD000353,Emprestimo Pessoal 0353,"R$ 19,211.38",BRL
PRD000354,Financiamento 0354,"R$ 4,987.58",BRL
PRD000355,Seguro 0355,"R$ 10,878.88",BRL
PRD000356,CDB 0356,$ 578.31,USD
PRD000357,Fundo de Investimento 0357,"R$ 10,330.67",BRL
PRD000358,Cambio 0358,"R$ 23,977.20",BRL
PRD000359,Previdencia 0359,"R$ 19,446.63",BRL
PRD000360,Titulo de Capitalizacao 0360,"$ 3,158.13",USD
PRD000361,Conta Digital 0361,"R$ 8,060.54",BRL
PRD000362,Cartao de Credito 0362,"R$ 6,789.82",BRL
PRD000363,Emprestimo Pessoal 0363,"R$ 7,632.05",BRL
PRD000364,Financiamento 0364,"$ 1,391.94",USD
PRD000365,Seguro 0365,"R$ 17,077.60",BRL
PRD000366,CDB 0366,"R$ 12,970.44",BRL
PRD000367,Fundo de Investimento 0367,"R$ 12,104.68",BRL
PRD000368,Cambio 0368,"$ 2,805.51",USD
PRD000369,Previdencia 0369,"R$ 19,330.68",BRL
PRD000370,Titulo de Capitalizacao 0370,"R$ 14,466.81",BRL
PRD000371,Conta Digital 0371,R$ 512.63,BRL
PRD000372,Cartao de Credito 0372,"$ 3,207.90",USD
PRD000373,Emprestimo Pessoal 0373,"R$ 14,245.48",BRL
PRD000374,Financiamento 0374,"R$ 15,290.00",BRL
PRD000375,Seguro 0375,"R$ 13,761.43",BRL
PRD000376,CDB 0376,$ 692.16,USD
PRD000377,Fundo de Investimento 0377,"R$ 23,724.54",BRL
PRD000378,Cambio 0378,"R$ 2,105.30",BRL
PRD000379,Previdencia 0379,"R$ 12,228.37",BRL
PRD000380,Titulo de Capitalizacao 0380,"$ 1,102.39",USD
PRD000381,Conta Digital 0381,"R$ 7,886.38",BRL
PRD000382,Cartao de Credito 0382,"R$ 20,098.15",BRL
PRD000383,Emprestimo Pessoal 0383,"R$ 24,375.06",BRL
PRD000384,Financiamento 0384,$ 386.12,USD
PRD000385,Seguro 0385,"R$ 8,825.32",BRL
PRD000386,CDB 0386,"R$ 17,408.90",BRL
PRD000387,Fundo de Investimento 0387,"R$ 13,613.87",BRL
PRD000388,Cambio 0388,"$ 1,824.69",USD
PRD000389,Previdencia 0389,"R$ 16,590.53",BRL
PRD000390,Titulo de Capitalizacao 0390,"R$ 19,138.92",BRL
PRD000391,Conta Digital 0391,"R$ 20,589.03",BRL
PRD000392,Cartao de Credito 0392,"$ 4,453.43",USD
PRD000393,Emprestimo Pessoal 0393,"R$ 19,446.88",BRL
PRD000394,Financiamento 0394,"R$ 4,406.45",BRL
PRD000395,Seguro 0395,"R$ 16,726.50",BRL
PRD000396,CDB 0396,"$ 4,394.45",USD
PRD000397,Fundo de Investimento 0397,"R$ 3,441.46",BRL
PRD000398,Cambio 0398,"R$ 21,107.84",BRL
PRD000399,Previdencia 0399,"R$ 18,158.65",BRL
PRD000400,Titulo de Capitalizacao 0400,"$ 2,824.88",USD
PRD000401,Conta Digital 0401,"R$ 10,611.01",BRL
PRD000402,Cartao de Credito 0402,"R$ 4,241.62",BRL
PRD000403,Emprestimo Pessoal 0403,"R$ 21,036.84",BRL
PRD000404,Financiamento 0404,"$ 1,178.60",USD
PRD000405,Seguro 0405,"R$ 23,039.02",BRL
PRD000406,CDB 0406,"R$ 14,690.65",BRL
PRD000407,Fundo de Investimento 0407,"R$ 23,563.23",BRL
PRD000408,Cambio 0408,"$ 2,494.04",USD
PRD000409,Previdencia 0409,"R$ 9,747.96",BRL
PRD000410,Titulo de Capitalizacao 0410,"R$ 12,568.14",BRL
PRD000411,Conta Digital 0411,"R$ 1,990.42",BRL
PRD000412,Cartao de Credito 0412,"$ 6,432.30",USD
PRD000413,Emprestimo Pessoal 0413,"R$ 8,171.68",BRL
PRD000414,Financiamento 0414,"R$ 13,746.21",BRL
PRD000415,Seguro 0415,"R$ 3,420.86",BRL
PRD000416,CDB 0416,"$ 4,899.55",USD
PRD000417,Fundo de Investimento 0417,"R$ 20,192.63",BRL
PRD000418,Cambio 0418,"R$ 19,567.33",BRL
PRD000419,Previdencia 0419,"R$ 22,057.36",BRL
PRD000420,Titulo de Capitalizacao 0420,"$ 3,292.32",USD
PRD000421,Conta Digital 0421,"R$ 23,423.12",BRL
PRD000422,Cartao de Credito 0422,"R$ 24,271.85",BRL
PRD000423,Emprestimo Pessoal 0423,"R$ 22,550.72",BRL
PRD000424,Financiamento 0424,$ 568.46,USD
PRD000425,Seguro 0425,"R$ 18,851.61",BRL
PRD000426,CDB 0426,"R$ 16,044.75",BRL
PRD000427,Fundo de Investimento 0427,"R$ 4,715.26",BRL
PRD000428,Cambio 0428,$ 109.63,USD
PRD000429,Previdencia 0429,"R$ 5,452.81",BRL
PRD000430,Titulo de Capitalizacao 0430,"R$ 21,327.69",BRL
PRD000431,Conta Digital 0431,"R$ 24,046.17",BRL
PRD000432,Cartao de Credito 0432,"$ 5,527.39",USD
PRD000433,Emprestimo Pessoal 0433,"R$ 2,651.94",BRL
PRD000434,Financiamento 0434,"R$ 6,220.72",BRL
PRD000435,Seguro 0435,"R$ 18,868.50",BRL
PRD000436,CDB 0436,"$ 2,422.55",USD
PRD000437,Fundo de Investimento 0437,"R$ 2,129.71",BRL
PRD000438,Cambio 0438,"R$ 15,996.70",BRL
PRD000439,Previdencia 0439,"R$ 16,927.46",BRL
PRD000440,Titulo de Capitalizacao 0440,$ 741.29,USD
PRD000441,Conta Digital 0441,"R$ 23,238.18",BRL
PRD000442,Cartao de Credito 0442,"R$ 16,165.01",BRL
PRD000443,Emprestimo Pessoal 0443,"R$ 7,556.59",BRL
PRD000444,Financiamento 0444,"$ 1,976.56",USD
PRD000445,Seguro 0445,"R$ 20,587.02",BRL
PRD000446,CDB 0446,"R$ 23,400.93",BRL
PRD000447,Fundo de Investimento 0447,"R$ 24,801.89",BRL
PRD000448,Cambio 0448,"$ 6,918.65",USD
PRD000449,Previdencia 0449,"R$ 11,455.23",BRL
PRD000450,Titulo de Capitalizacao 0450,"R$ 17,222.15",BRL
PRD000451,Conta Digital 0451,"R$ 24,415.23",BRL
PRD000452,Cartao de Credito 0452,"$ 6,451.92",USD
PRD000453,Emprestimo Pessoal 0453,"R$ 3,920.98",BRL
PRD000454,Financiamento 0454,"R$ 15,877.98",BRL
PRD000455,Seguro 0455,"R$ 14,489.75",BRL
PRD000456,CDB 0456,"$ 7,360.65",USD
PRD000457,Fundo de Investimento 0457,"R$ 22,950.99",BRL
PRD000458,Cambio 0458,"R$ 13,152.22",BRL
PRD000459,Previdencia 0459,"R$ 15,050.03",BRL
PRD000460,Titulo de Capitalizacao 0460,"$ 7,234.30",USD
PRD000461,Conta Digital 0461,"R$ 16,505.69",BRL
PRD000462,Cartao de Credito 0462,"R$ 2,917.75",BRL
PRD000463,Emprestimo Pessoal 0463,"R$ 8,024.46",BRL
PRD000464,Financiamento 0464,"$ 1,982.45",USD
PRD000465,Seguro 0465,"R$ 18,965.03",BRL
PRD000466,CDB 0466,"R$ 14,108.51",BRL
PRD000467,Fundo de Investimento 0467,"R$ 8,931.03",BRL
PRD000468,Cambio 0468,"$ 4,611.51",USD
PRD000469,Previdencia 0469,"R$ 24,562.87",BRL
PRD000470,Titulo de Capitalizacao 0470,"R$ 22,631.73",BRL
PRD000471,Conta Digital 0471,"R$ 14,202.86",BRL
PRD000472,Cartao de Credito 0472,"$ 4,086.56",USD
PRD000473,Emprestimo Pessoal 0473,"R$ 23,583.10",BRL
PRD000474,Financiamento 0474,"R$ 7,798.06",BRL
PRD000475,Seguro 0475,"R$ 16,280.29",BRL
PRD000476,CDB 0476,"$ 3,423.01",USD
PRD000477,Fundo de Investimento 0477,"R$ 14,594.42",BRL
PRD000478,Cambio 0478,"R$ 7,855.49",BRL
PRD000479,Previdencia 0479,"R$ 2,414.94",BRL
PRD000480,Titulo de Capitalizacao 0480,"$ 4,152.45",USD
PRD000481,Conta Digital 0481,"R$ 18,719.63",BRL
PRD000482,Cartao de Credito 0482,"R$ 21,620.13",BRL
PRD000483,Emprestimo Pessoal 0483,"R$ 18,449.79",BRL
PRD000484,Financiamento 0484,"$ 7,267.80",USD
PRD000485,Seguro 0485,"R$ 23,764.99",BRL
PRD000486,CDB 0486,"R$ 15,375.18",BRL
PRD000487,Fundo de Investimento 0487,"R$ 21,535.85",BRL
PRD000488,Cambio 0488,"$ 6,457.14",USD
PRD000489,Previdencia 0489,"R$ 23,705.00",BRL
PRD000490,Titulo de Capitalizacao 0490,"R$ 8,660.16",BRL
PRD000491,Conta Digital 0491,"R$ 4,279.32",BRL
PRD000492,Cartao de Credito 0492,$ 924.72,USD
PRD000493,Emprestimo Pessoal 0493,"R$ 17,830.77",BRL
PRD000494,Financiamento 0494,"R$ 10,873.66",BRL
PRD000495,Seguro 0495,"R$ 13,601.18",BRL
PRD000496,CDB 0496,"$ 4,304.56",USD
PRD000497,Fundo de Investimento 0497,"R$ 17,848.76",BRL
PRD000498,Cambio 0498,"R$ 20,446.16",BRL
PRD000499,Previdencia 0499,"R$ 12,674.30",BRL
PRD000500,Titulo de Capitalizacao 0500,"$ 1,204.43",USD
PRD000501,Conta Digital 0501,"R$ 12,335.33",BRL
PRD000502,Cartao de Credito 0502,"R$ 2,889.78",BRL
PRD000503,Emprestimo Pessoal 0503,"R$ 12,877.60",BRL
PRD000504,Financiamento 0504,"$ 3,153.87",USD
PRD000505,Seguro 0505,"R$ 6,460.37",BRL
PRD000506,CDB 0506,"R$ 21,417.81",BRL
PRD000507,Fundo de Investimento 0507,"R$ 14,044.71",BRL
PRD000508,Cambio 0508,"$ 4,624.68",USD
PRD000509,Previdencia 0509,"R$ 21,945.97",BRL
PRD000510,Titulo de Capitalizacao 0510,"R$ 17,634.88",BRL
PRD000511,Conta Digital 0511,"R$ 15,779.22",BRL
PRD000512,Cartao de Credito 0512,"$ 5,189.79",USD
PRD000513,Emprestimo Pessoal 0513,"R$ 1,674.37",BRL
PRD000514,Financiamento 0514,"R$ 11,806.68",BRL
PRD000515,Seguro 0515,"R$ 5,535.02",BRL
PRD000516,CDB 0516,"$ 3,937.51",USD
PRD000517,Fundo de Investimento 0517,"R$ 15,270.01",BRL
PRD000518,Cambio 0518,"R$ 23,098.79",BRL
PRD000519,Previdencia 0519,"R$ 23,508.12",BRL
PRD000520,Titulo de Capitalizacao 0520,"$ 4,952.54",USD
PRD000521,Conta Digital 0521,"R$ 10,424.19",BRL
PRD000522,Cartao de Credito 0522,"R$ 19,098.66",BRL
PRD000523,Emprestimo Pessoal 0523,"R$ 7,627.38",BRL
PRD000524,Financiamento 0524,"$ 1,878.28",USD
PRD000525,Seguro 0525,"R$ 10,877.86",BRL
PRD000526,CDB 0526,"R$ 17,648.29",BRL
PRD000527,Fundo de Investimento 0527,"R$ 17,817.28",BRL
PRD000528,Cambio 0528,"$ 1,074.25",USD
PRD000529,Previdencia 0529,"R$ 11,531.50",BRL
PRD000530,Titulo de Capitalizacao 0530,"R$ 10,151.00",BRL
PRD000531,Conta Digital 0531,"R$ 3,265.02",BRL
PRD000532,Cartao de Credito 0532,"$ 6,120.46",USD
PRD000533,Emprestimo Pessoal 0533,"R$ 23,859.72",BRL
PRD000534,Financiamento 0534,"R$ 19,125.45",BRL
PRD000535,Seguro 0535,"R$ 11,524.74",BRL
PRD000536,CDB 0536,"$ 6,170.29",USD
PRD000537,Fundo de Investimento 0537,"R$ 5,258.83",BRL
PRD000538,Cambio 0538,"R$ 19,881.94",BRL
PRD000539,Previdencia 0539,"R$ 24,507.80",BRL
PRD000540,Titulo de Capitalizacao 0540,"$ 1,239.56",USD
PRD000541,Conta Digital 0541,"R$ 9,208.95",BRL
PRD000542,Cartao de Credito 0542,"R$ 17,223.88",BRL
PRD000543,Emprestimo Pessoal 0543,"R$ 6,876.72",BRL
PRD000544,Financiamento 0544,"$ 3,262.24",USD
PRD000545,Seguro 0545,"R$ 16,712.59",BRL
PRD000546,CDB 0546,"R$ 21,434.94",BRL
PRD000547,Fundo de Investimento 0547,"R$ 10,867.81",BRL
PRD000548,Cambio 0548,"$ 6,802.23",USD
PRD000549,Previdencia 0549,"R$ 23,460.15",BRL
PRD000550,Titulo de Capitalizacao 0550,"R$ 3,113.38",BRL
PRD000551,Conta Digital 0551,"R$ 18,367.89",BRL
PRD000552,Cartao de Credito 0552,"$ 4,536.36",USD
PRD000553,Emprestimo Pessoal 0553,"R$ 22,340.42",BRL
PRD000554,Financiamento 0554,"R$ 1,106.93",BRL
PRD000555,Seguro 0555,"R$ 6,037.15",BRL
PRD000556,CDB 0556,$ 49.51,USD
PRD000557,Fundo de Investimento 0557,"R$ 15,681.94",BRL
PRD000558,Cambio 0558,"R$ 23,646.25",BRL
PRD000559,Previdencia 0559,"R$ 22,833.63",BRL
PRD000560,Titulo de Capitalizacao 0560,$ 316.39,USD
PRD000561,Conta Digital 0561,"R$ 23,375.23",BRL
PRD000562,Cartao de Credito 0562,"R$ 17,531.05",BRL
PRD000563,Emprestimo Pessoal 0563,R$ 291.99,BRL
PRD000564,Financiamento 0564,"$ 4,463.49",USD
PRD000565,Seguro 0565,"R$ 24,237.01",BRL
PRD000566,CDB 0566,"R$ 8,032.24",BRL
PRD000567,Fundo de Investimento 0567,"R$ 17,176.20",BRL
PRD000568,Cambio 0568,"$ 6,239.39",USD
PRD000569,Previdencia 0569,"R$ 18,731.29",BRL
PRD000570,Titulo de Capitalizacao 0570,"R$ 6,588.45",BRL
PRD000571,Conta Digital 0571,"R$ 13,127.36",BRL
PRD000572,Cartao de Credito 0572,"$ 3,167.30",USD
PRD000573,Emprestimo Pessoal 0573,"R$ 20,820.10",BRL
PRD000574,Financiamento 0574,"R$ 10,672.71",BRL
PRD000575,Seguro 0575,"R$ 4,301.02",BRL
PRD000576,CDB 0576,"$ 5,838.56",USD
PRD000577,Fundo de Investimento 0577,"R$ 9,390.89",BRL
PRD000578,Cambio 0578,"R$ 19,082.04",BRL
PRD000579,Previdencia 0579,"R$ 4,861.27",BRL
PRD000580,Titulo de Capitalizacao 0580,"$ 2,310.84",USD
PRD000581,Conta Digital 0581,"R$ 21,229.92",BRL
PRD000582,Cartao de Credito 0582,"R$ 22,587.18",BRL
PRD000583,Emprestimo Pessoal 0583,"R$ 5,265.77",BRL
PRD000584,Financiamento 0584,"$ 4,593.31",USD
PRD000585,Seguro 0585,"R$ 19,117.41",BRL
PRD000586,CDB 0586,"R$ 4,488.40",BRL
PRD000587,Fundo de Investimento 0587,"R$ 6,649.47",BRL
PRD000588,Cambio 0588,"$ 6,110.28",USD
PRD000589,Previdencia 0589,"R$ 2,973.86",BRL
PRD000590,Titulo de Capitalizacao 0590,"R$ 2,083.72",BRL
PRD000591,Conta Digital 0591,"R$ 12,256.38",BRL
PRD000592,Cartao de Credito 0592,"$ 3,842.88",USD
PRD000593,Emprestimo Pessoal 0593,"R$ 2,073.83",BRL
PRD000594,Financiamento 0594,"R$ 16,324.71",BRL
PRD000595,Seguro 0595,"R$ 20,598.08",BRL
PRD000596,CDB 0596,$ 115.95,USD
PRD000597,Fundo de Investimento 0597,"R$ 9,492.12",BRL
PRD000598,Cambio 0598,"R$ 7,655.42",BRL
PRD000599,Previdencia 0599,"R$ 3,664.41",BRL
PRD000600,Titulo de Capitalizacao 0600,"$ 1,863.19",USD
PRD000601,Conta Digital 0601,"R$ 20,549.79",BRL
PRD000602,Cartao de Credito 0602,"R$ 13,215.97",BRL
PRD000603,Emprestimo Pessoal 0603,R$ 46.25,BRL
PRD000604,Financiamento 0604,"$ 6,669.20",USD
PRD000605,Seguro 0605,"R$ 15,065.39",BRL
PRD000606,CDB 0606,"R$ 21,637.60",BRL
PRD000607,Fundo de Investimento 0607,"R$ 10,395.54",BRL
PRD000608,Cambio 0608,"$ 6,905.98",USD
PRD000609,Previdencia 0609,"R$ 16,682.49",BRL
PRD000610,Titulo de Capitalizacao 0610,"R$ 19,523.09",BRL
PRD000611,Conta Digital 0611,"R$ 6,385.67",BRL
PRD000612,Cartao de Credito 0612,"$ 7,015.53",USD
PRD000613,Emprestimo Pessoal 0613,"R$ 3,565.85",BRL
PRD000614,Financiamento 0614,"R$ 16,171.41",BRL
PRD000615,Seguro 0615,"R$ 16,639.18",BRL
PRD000616,CDB 0616,"$ 1,298.82",USD
PRD000617,Fundo de Investimento 0617,"R$ 2,152.43",BRL
PRD000618,Cambio 0618,"R$ 22,083.58",BRL
PRD000619,Previdencia 0619,"R$ 15,871.72",BRL
PRD000620,Titulo de Capitalizacao 0620,"$ 6,238.61",USD
PRD000621,Conta Digital 0621,"R$ 1,396.57",BRL
PRD000622,Cartao de Credito 0622,"R$ 18,306.34",BRL
PRD000623,Emprestimo Pessoal 0623,"R$ 10,695.64",BRL
PRD000624,Financiamento 0624,"$ 7,479.94",USD
PRD000625,Seguro 0625,"R$ 24,005.25",BRL
PRD000626,CDB 0626,"R$ 17,729.35",BRL
PRD000627,Fundo de Investimento 0627,"R$ 17,871.04",BRL
PRD000628,Cambio 0628,"$ 2,029.40",USD
PRD000629,Previdencia 0629,"R$ 9,877.62",BRL
PRD000630,Titulo de Capitalizacao 0630,"R$ 23,217.50",BRL
PRD000631,Conta Digital 0631,"R$ 9,614.62",BRL
PRD000632,Cartao de Credito 0632,"$ 5,226.97",USD
PRD000633,Emprestimo Pessoal 0633,"R$ 24,063.85",BRL
PRD000634,Financiamento 0634,"R$ 15,720.18",BRL
PRD000635,Seguro 0635,"R$ 16,471.51",BRL
PRD000636,CDB 0636,"$ 2,487.76",USD
PRD000637,Fundo de Investimento 0637,"R$ 12,077.37",BRL
PRD000638,Cambio 0638,"R$ 8,083.09",BRL
PRD000639,Previdencia 0639,"R$ 6,278.94",BRL
PRD000640,Titulo de Capitalizacao 0640,"$ 1,963.61",USD
PRD000641,Conta Digital 0641,"R$ 24,374.63",BRL
PRD000642,Cartao de Credito 0642,"R$ 3,023.75",BRL
PRD000643,Emprestimo Pessoal 0643,"R$ 8,833.01",BRL
PRD000644,Financiamento 0644,"$ 5,036.69",USD
PRD000645,Seguro 0645,"R$ 5,131.57",BRL
PRD000646,CDB 0646,"R$ 21,243.94",BRL
PRD000647,Fundo de Investimento 0647,"R$ 15,056.87",BRL
PRD000648,Cambio 0648,"$ 3,875.71",USD
PRD000649,Previdencia 0649,"R$ 20,151.30",BRL
PRD000650,Titulo de Capitalizacao 0650,"R$ 20,274.72",BRL
PRD000651,Conta Digital 0651,"R$ 12,517.20",BRL
PRD000652,Cartao de Credito 0652,"$ 3,886.68",USD
PRD000653,Emprestimo Pessoal 0653,"R$ 23,659.49",BRL
PRD000654,Financiamento 0654,"R$ 10,417.90",BRL
PRD000655,Seguro 0655,"R$ 24,860.39",BRL
PRD000656,CDB 0656,"$ 2,666.38",USD
PRD000657,Fundo de Investimento 0657,"R$ 15,149.52",BRL
PRD000658,Cambio 0658,"R$ 14,971.01",BRL
PRD000659,Previdencia 0659,"R$ 15,720.03",BRL
PRD000660,Titulo de Capitalizacao 0660,"$ 5,723.48",USD
PRD000661,Conta Digital 0661,"R$ 19,827.99",BRL
PRD000662,Cartao de Credito 0662,"R$ 11,511.86",BRL
PRD000663,Emprestimo Pessoal 0663,"R$ 4,803.49",BRL
PRD000664,Financiamento 0664,"$ 1,913.04",USD
PRD000665,Seguro 0665,"R$ 7,952.50",BRL
PRD000666,CDB 0666,"R$ 15,429.67",BRL
PRD000667,Fundo de Investimento 0667,R$ 643.21,BRL
PRD000668,Cambio 0668,"$ 5,648.50",USD
PRD000669,Previdencia 0669,"R$ 24,871.88",BRL
PRD000670,Titulo de Capitalizacao 0670,"R$ 15,462.12",BRL
PRD000671,Conta Digital 0671,"R$ 6,839.98",BRL
PRD000672,Cartao de Credito 0672,"$ 3,448.03",USD
PRD000673,Emprestimo Pessoal 0673,"R$ 19,512.44",BRL
PRD000674,Financiamento 0674,"R$ 12,155.52",BRL
PRD000675,Seguro 0675,"R$ 20,993.71",BRL
PRD000676,CDB 0676,"$ 3,093.36",USD
PRD000677,Fundo de Investimento 0677,"R$ 24,860.50",BRL
PRD000678,Cambio 0678,"R$ 18,068.18",BRL
PRD000679,Previdencia 0679,"R$ 17,251.99",BRL
PRD000680,Titulo de Capitalizacao 0680,$ 377.71,USD
PRD000681,Conta Digital 0681,"R$ 2,849.04",BRL
PRD000682,Cartao de Credito 0682,"R$ 7,544.50",BRL
PRD000683,Emprestimo Pessoal 0683,"R$ 15,380.31",BRL
PRD000684,Financiamento 0684,"$ 3,089.41",USD
PRD000685,Seguro 0685,"R$ 8,972.99",BRL
PRD000686,CDB 0686,"R$ 21,619.80",BRL
PRD000687,Fundo de Investimento 0687,"R$ 16,073.18",BRL
PRD000688,Cambio 0688,"$ 5,996.85",USD
PRD000689,Previdencia 0689,"R$ 15,478.34",BRL
PRD000690,Titulo de Capitalizacao 0690,"R$ 11,121.74",BRL
PRD000691,Conta Digital 0691,"R$ 10,330.44",BRL
PRD000692,Cartao de Credito 0692,"$ 5,948.64",USD
PRD000693,Emprestimo Pessoal 0693,"R$ 3,174.26",BRL
PRD000694,Financiamento 0694,"R$ 10,024.57",BRL
PRD000695,Seguro 0695,"R$ 17,478.39",BRL
PRD000696,CDB 0696,"$ 4,155.70",USD
PRD000697,Fundo de Investimento 0697,"R$ 22,818.57",BRL
PRD000698,Cambio 0698,"R$ 9,650.61",BRL
PRD000699,Previdencia 0699,"R$ 2,722.09",BRL
PRD000700,Titulo de Capitalizacao 0700,"$ 2,548.59",USD
PRD000701,Conta Digital 0701,"R$ 12,348.38",BRL
PRD000702,Cartao de Credito 0702,"R$ 14,422.59",BRL
PRD000703,Emprestimo Pessoal 0703,"R$ 14,027.63",BRL
PRD000704,Financiamento 0704,$ 427.53,USD
PRD000705,Seguro 0705,"R$ 10,864.22",BRL
PRD000706,CDB 0706,"R$ 16,579.27",BRL
PRD000707,Fundo de Investimento 0707,"R$ 22,365.25",BRL
PRD000708,Cambio 0708,"$ 3,470.44",USD
PRD000709,Previdencia 0709,"R$ 17,912.40",BRL
PRD000710,Titulo de Capitalizacao 0710,"R$ 8,937.36",BRL
PRD000711,Conta Digital 0711,"R$ 14,308.86",BRL
PRD000712,Cartao de Credito 0712,"$ 3,064.71",USD
PRD000713,Emprestimo Pessoal 0713,"R$ 8,008.62",BRL
PRD000714,Financiamento 0714,"R$ 1,898.68",BRL
PRD000715,Seguro 0715,"R$ 20,315.91",BRL
PRD000716,CDB 0716,"$ 5,997.08",USD
PRD000717,Fundo de Investimento 0717,"R$ 23,519.97",BRL
PRD000718,Cambio 0718,"R$ 7,936.81",BRL
PRD000719,Previdencia 0719,"R$ 19,199.15",BRL
PRD000720,Titulo de Capitalizacao 0720,$ 92.74,USD
PRD000721,Conta Digital 0721,"R$ 9,855.90",BRL
PRD000722,Cartao de Credito 0722,"R$ 19,653.17",BRL
PRD000723,Emprestimo Pessoal 0723,"R$ 16,352.85",BRL
PRD000724,Financiamento 0724,"$ 6,050.73",USD
PRD000725,Seguro 0725,"R$ 24,003.41",BRL
PRD000726,CDB 0726,"R$ 10,108.14",BRL
PRD000727,Fundo de Investimento 0727,"R$ 18,030.10",BRL
PRD000728,Cambio 0728,"$ 6,405.72",USD
PRD000729,Previdencia 0729,"R$ 20,395.13",BRL
PRD000730,Titulo de Capitalizacao 0730,"R$ 2,977.39",BRL
PRD000731,Conta Digital 0731,"R$ 4,742.52",BRL
PRD000732,Cartao de Credito 0732,"$ 3,431.73",USD
PRD000733,Emprestimo Pessoal 0733,"R$ 11,958.52",BRL
PRD000734,Financiamento 0734,"R$ 2,728.11",BRL
PRD000735,Seguro 0735,"R$ 10,326.27",BRL
PRD000736,CDB 0736,"$ 3,413.10",USD
PRD000737,Fundo de Investimento 0737,"R$ 7,033.44",BRL
PRD000738,Cambio 0738,"R$ 15,018.80",BRL
PRD000739,Previdencia 0739,"R$ 10,205.39",BRL
PRD000740,Titulo de Capitalizacao 0740,"$ 5,013.42",USD
PRD000741,Conta Digital 0741,"R$ 14,359.07",BRL
PRD000742,Cartao de Credito 0742,"R$ 1,819.43",BRL
PRD000743,Emprestimo Pessoal 0743,"R$ 8,847.61",BRL
PRD000744,Financiamento 0744,"$ 4,860.61",USD
PRD000745,Seguro 0745,"R$ 18,100.50",BRL
PRD000746,CDB 0746,"R$ 12,678.60",BRL
PRD000747,Fundo de Investimento 0747,"R$ 21,994.83",BRL
PRD000748,Cambio 0748,"$ 6,666.69",USD
PRD000749,Previdencia 0749,"R$ 3,310.12",BRL
PRD000750,Titulo de Capitalizacao 0750,"R$ 2,633.22",BRL
PRD000751,Conta Digital 0751,"R$ 14,760.88",BRL
PRD000752,Cartao de Credito 0752,"$ 5,209.82",USD
PRD000753,Emprestimo Pessoal 0753,"R$ 3,178.28",BRL
PRD000754,Financiamento 0754,"R$ 5,658.83",BRL
PRD000755,Seguro 0755,"R$ 17,998.34",BRL
PRD000756,CDB 0756,"$ 4,238.94",USD
PRD000757,Fundo de Investimento 0757,"R$ 3,232.95",BRL
PRD000758,Cambio 0758,"R$ 6,816.23",BRL
PRD000759,Previdencia 0759,"R$ 5,057.18",BRL
PRD000760,Titulo de Capitalizacao 0760,$ 594.71,USD
PRD000761,Conta Digital 0761,"R$ 1,202.68",BRL
PRD000762,Cartao de Credito 0762,"R$ 15,192.80",BRL
PRD000763,Emprestimo Pessoal 0763,"R$ 15,863.77",BRL
PRD000764,Financiamento 0764,"$ 1,318.54",USD
PRD000765,Seguro 0765,"R$ 5,989.62",BRL
PRD000766,CDB 0766,"R$ 9,727.61",BRL
PRD000767,Fundo de Investimento 0767,"R$ 10,703.96",BRL
PRD000768,Cambio 0768,"$ 2,996.48",USD
PRD000769,Previdencia 0769,"R$ 1,769.04",BRL
PRD000770,Titulo de Capitalizacao 0770,"R$ 14,588.19",BRL
PRD000771,Conta Digital 0771,"R$ 7,925.98",BRL
PRD000772,Cartao de Credito 0772,"$ 4,611.36",USD
PRD000773,Emprestimo Pessoal 0773,"R$ 23,252.20",BRL
PRD000774,Financiamento 0774,"R$ 3,502.87",BRL
PRD000775,Seguro 0775,"R$ 6,074.33",BRL
PRD000776,CDB 0776,"$ 3,293.66",USD
PRD000777,Fundo de Investimento 0777,"R$ 16,168.94",BRL
PRD000778,Cambio 0778,"R$ 15,072.41",BRL
PRD000779,Previdencia 0779,"R$ 4,378.72",BRL
PRD000780,Titulo de Capitalizacao 0780,"$ 3,365.68",USD
PRD000781,Conta Digital 0781,"R$ 6,649.57",BRL
PRD000782,Cartao de Credito 0782,"R$ 21,123.53",BRL
PRD000783,Emprestimo Pessoal 0783,"R$ 21,153.00",BRL
PRD000784,Financiamento 0784,"$ 2,565.99",USD
PRD000785,Seguro 0785,"R$ 24,870.26",BRL
PRD000786,CDB 0786,R$ 805.15,BRL
PRD000787,Fundo de Investimento 0787,"R$ 20,374.58",BRL
PRD000788,Cambio 0788,"$ 6,032.73",USD
PRD000789,Previdencia 0789,"R$ 1,262.15",BRL
PRD000790,Titulo de Capitalizacao 0790,"R$ 22,139.85",BRL
PRD000791,Conta Digital 0791,"R$ 12,037.79",BRL
PRD000792,Cartao de Credito 0792,"$ 1,527.92",USD
PRD000793,Emprestimo Pessoal 0793,"R$ 21,239.79",BRL
PRD000794,Financiamento 0794,"R$ 14,703.79",BRL
PRD000795,Seguro 0795,"R$ 7,997.48",BRL
PRD000796,CDB 0796,"$ 6,398.54",USD
PRD000797,Fundo de Investimento 0797,R$ 538.94,BRL
PRD000798,Cambio 0798,"R$ 4,820.35",BRL
PRD000799,Previdencia 0799,"R$ 13,033.88",BRL
PRD000800,Titulo de Capitalizacao 0800,"$ 4,771.86",USD
PRD000801,Conta Digital 0801,"R$ 13,312.06",BRL
PRD000802,Cartao de Credito 0802,"R$ 20,648.55",BRL
PRD000803,Emprestimo Pessoal 0803,R$ 324.24,BRL
PRD000804,Financiamento 0804,$ 305.13,USD
PRD000805,Seguro 0805,"R$ 19,586.76",BRL
PRD000806,CDB 0806,"R$ 22,729.50",BRL
PRD000807,Fundo de Investimento 0807,"R$ 9,670.76",BRL
PRD000808,Cambio 0808,"$ 6,519.54",USD
PRD000809,Previdencia 0809,"R$ 13,809.55",BRL
PRD000810,Titulo de Capitalizacao 0810,"R$ 4,503.05",BRL
PRD000811,Conta Digital 0811,"R$ 19,382.60",BRL
PRD000812,Cartao de Credito 0812,"$ 4,450.96",USD
PRD000813,Emprestimo Pessoal 0813,"R$ 19,867.93",BRL
PRD000814,Financiamento 0814,"R$ 18,360.07",BRL
PRD000815,Seguro 0815,"R$ 5,511.73",BRL
PRD000816,CDB 0816,$ 63.06,USD
PRD000817,Fundo de Investimento 0817,R$ 815.63,BRL
PRD000818,Cambio 0818,"R$ 12,209.08",BRL
PRD000819,Previdencia 0819,"R$ 3,039.01",BRL
PRD000820,Titulo de Capitalizacao 0820,"$ 7,163.49",USD
PRD000821,Conta Digital 0821,"R$ 10,267.11",BRL
PRD000822,Cartao de Credito 0822,"R$ 18,220.77",BRL
PRD000823,Emprestimo Pessoal 0823,"R$ 20,483.01",BRL
PRD000824,Financiamento 0824,"$ 4,080.30",USD
PRD000825,Seguro 0825,"R$ 14,466.56",BRL
PRD000826,CDB 0826,"R$ 7,739.89",BRL
PRD000827,Fundo de Investimento 0827,"R$ 20,400.07",BRL
PRD000828,Cambio 0828,$ 373.25,USD
PRD000829,Previdencia 0829,"R$ 19,052.33",BRL
PRD000830,Titulo de Capitalizacao 0830,"R$ 18,762.91",BRL
PRD000831,Conta Digital 0831,"R$ 1,981.53",BRL
PRD000832,Cartao de Credito 0832,"$ 4,274.34",USD
PRD000833,Emprestimo Pessoal 0833,"R$ 5,902.23",BRL
PRD000834,Financiamento 0834,"R$ 4,783.21",BRL
PRD000835,Seguro 0835,"R$ 4,146.86",BRL
PRD000836,CDB 0836,"$ 1,310.17",USD
PRD000837,Fundo de Investimento 0837,"R$ 9,530.91",BRL
PRD000838,Cambio 0838,"R$ 12,053.90",BRL
PRD000839,Previdencia 0839,"R$ 8,971.23",BRL
PRD000840,Titulo de Capitalizacao 0840,"$ 1,268.98",USD
PRD000841,Conta Digital 0841,"R$ 1,923.19",BRL
PRD000842,Cartao de Credito 0842,"R$ 12,779.99",BRL
PRD000843,Emprestimo Pessoal 0843,"R$ 17,752.63",BRL
PRD000844,Financiamento 0844,"$ 2,799.53",USD
PRD000845,Seguro 0845,"R$ 17,928.39",BRL
PRD000846,CDB 0846,"R$ 1,903.94",BRL
PRD000847,Fundo de Investimento 0847,R$ 530.22,BRL
PRD000848,Cambio 0848,"$ 3,651.57",USD
PRD000849,Previdencia 0849,"R$ 4,003.05",BRL
PRD000850,Titulo de Capitalizacao 0850,"R$ 15,299.08",BRL
PRD000851,Conta Digital 0851,"R$ 19,220.14",BRL
PRD000852,Cartao de Credito 0852,"$ 7,194.40",USD
PRD000853,Emprestimo Pessoal 0853,"R$ 3,894.74",BRL
PRD000854,Financiamento 0854,"R$ 16,671.51",BRL
PRD000855,Seguro 0855,"R$ 18,540.52",BRL
PRD000856,CDB 0856,"$ 5,565.28",USD
PRD000857,Fundo de Investimento 0857,"R$ 21,342.02",BRL
PRD000858,Cambio 0858,"R$ 11,330.97",BRL
PRD000859,Previdencia 0859,"R$ 22,952.03",BRL
PRD000860,Titulo de Capitalizacao 0860,$ 84.57,USD
PRD000861,Conta Digital 0861,"R$ 21,439.81",BRL
PRD000862,Cartao de Credito 0862,R$ 847.94,BRL
PRD000863,Emprestimo Pessoal 0863,"R$ 19,764.38",BRL
PRD000864,Financiamento 0864,"$ 5,034.71",USD
PRD000865,Seguro 0865,R$ 376.57,BRL
PRD000866,CDB 0866,"R$ 16,747.66",BRL
PRD000867,Fundo de Investimento 0867,"R$ 6,155.88",BRL
PRD000868,Cambio 0868,"$ 5,025.99",USD
PRD000869,Previdencia 0869,"R$ 3,731.54",BRL
PRD000870,Titulo de Capitalizacao 0870,"R$ 18,495.85",BRL
PRD000871,Conta Digital 0871,"R$ 12,204.76",BRL
PRD000872,Cartao de Credito 0872,"$ 6,031.10",USD
PRD000873,Emprestimo Pessoal 0873,"R$ 12,327.10",BRL
PRD000874,Financiamento 0874,"R$ 22,393.40",BRL
PRD000875,Seguro 0875,"R$ 8,464.41",BRL
PRD000876,CDB 0876,"$ 4,460.99",USD
PRD000877,Fundo de Investimento 0877,"R$ 18,488.32",BRL
PRD000878,Cambio 0878,"R$ 21,211.94",BRL
PRD000879,Previdencia 0879,"R$ 1,753.13",BRL
PRD000880,Titulo de Capitalizacao 0880,"$ 5,104.68",USD
PRD000881,Conta Digital 0881,"R$ 14,563.94",BRL
PRD000882,Cartao de Credito 0882,"R$ 4,583.93",BRL
PRD000883,Emprestimo Pessoal 0883,"R$ 20,021.56",BRL
PRD000884,Financiamento 0884,"$ 5,393.59",USD
PRD000885,Seguro 0885,"R$ 16,277.90",BRL
PRD000886,CDB 0886,"R$ 5,543.45",BRL
PRD000887,Fundo de Investimento 0887,"R$ 23,820.96",BRL
PRD000888,Cambio 0888,"$ 2,711.41",USD
PRD000889,Previdencia 0889,"R$ 24,185.12",BRL
PRD000890,Titulo de Capitalizacao 0890,"R$ 10,357.96",BRL
PRD000891,Conta Digital 0891,"R$ 22,295.63",BRL
PRD000892,Cartao de Credito 0892,"$ 4,816.05",USD
PRD000893,Emprestimo Pessoal 0893,"R$ 15,340.96",BRL
PRD000894,Financiamento 0894,"R$ 15,635.95",BRL
PRD000895,Seguro 0895,"R$ 8,300.66",BRL
PRD000896,CDB 0896,$ 465.01,USD
PRD000897,Fundo de Investimento 0897,"R$ 5,722.80",BRL
PRD000898,Cambio 0898,"R$ 20,500.87",BRL
PRD000899,Previdencia 0899,"R$ 13,588.52",BRL
PRD000900,Titulo de Capitalizacao 0900,"$ 5,085.62",USD
PRD000901,Conta Digital 0901,"R$ 20,793.66",BRL
PRD000902,Cartao de Credito 0902,"R$ 10,900.37",BRL
PRD000903,Emprestimo Pessoal 0903,"R$ 19,394.78",BRL
PRD000904,Financiamento 0904,"$ 7,238.30",USD
PRD000905,Seguro 0905,"R$ 22,776.26",BRL
PRD000906,CDB 0906,"R$ 14,556.57",BRL
PRD000907,Fundo de Investimento 0907,"R$ 3,692.27",BRL
PRD000908,Cambio 0908,$ 934.65,USD
PRD000909,Previdencia 0909,"R$ 16,875.10",BRL
PRD000910,Titulo de Capitalizacao 0910,"R$ 20,286.33",BRL
PRD000911,Conta Digital 0911,"R$ 7,772.64",BRL
PRD000912,Cartao de Credito 0912,"$ 3,355.90",USD
PRD000913,Emprestimo Pessoal 0913,"R$ 17,471.50",BRL
PRD000914,Financiamento 0914,"R$ 9,569.61",BRL
PRD000915,Seguro 0915,"R$ 7,432.88",BRL
PRD000916,CDB 0916,"$ 2,641.59",USD
PRD000917,Fundo de Investimento 0917,"R$ 22,112.87",BRL
PRD000918,Cambio 0918,"R$ 9,977.19",BRL
PRD000919,Previdencia 0919,"R$ 16,905.94",BRL
PRD000920,Titulo de Capitalizacao 0920,"$ 2,154.70",USD
PRD000921,Conta Digital 0921,"R$ 3,091.17",BRL
PRD000922,Cartao de Credito 0922,"R$ 10,765.38",BRL
PRD000923,Emprestimo Pessoal 0923,"R$ 1,038.49",BRL
PRD000924,Financiamento 0924,"$ 3,018.79",USD
PRD000925,Seguro 0925,"R$ 7,316.27",BRL
PRD000926,CDB 0926,"R$ 17,273.47",BRL
PRD000927,Fundo de Investimento 0927,"R$ 9,340.27",BRL
PRD000928,Cambio 0928,$ 409.84,USD
PRD000929,Previdencia 0929,"R$ 9,893.56",BRL
PRD000930,Titulo de Capitalizacao 0930,"R$ 5,522.03",BRL
PRD000931,Conta Digital 0931,"R$ 18,233.83",BRL
PRD000932,Cartao de Credito 0932,"$ 4,898.61",USD
PRD000933,Emprestimo Pessoal 0933,"R$ 17,247.26",BRL
PRD000934,Financiamento 0934,"R$ 10,925.96",BRL
PRD000935,Seguro 0935,"R$ 4,294.86",BRL
PRD000936,CDB 0936,"$ 3,469.83",USD
PRD000937,Fundo de Investimento 0937,"R$ 24,042.55",BRL
PRD000938,Cambio 0938,"R$ 8,294.52",BRL
PRD000939,Previdencia 0939,"R$ 23,119.10",BRL
PRD000940,Titulo de Capitalizacao 0940,"$ 5,082.19",USD
PRD000941,Conta Digital 0941,"R$ 4,656.73",BRL
PRD000942,Cartao de Credito 0942,"R$ 1,996.37",BRL
PRD000943,Emprestimo Pessoal 0943,"R$ 12,232.91",BRL
PRD000944,Financiamento 0944,"$ 2,930.44",USD
PRD000945,Seguro 0945,"R$ 3,244.73",BRL
PRD000946,CDB 0946,"R$ 10,187.29",BRL
PRD000947,Fundo de Investimento 0947,"R$ 4,923.16",BRL
PRD000948,Cambio 0948,"$ 3,431.17",USD
PRD000949,Previdencia 0949,"R$ 19,742.26",BRL
PRD000950,Titulo de Capitalizacao 0950,"R$ 2,759.07",BRL
PRD000951,Conta Digital 0951,"R$ 17,657.62",BRL
PRD000952,Cartao de Credito 0952,"$ 6,522.46",USD
PRD000953,Emprestimo Pessoal 0953,"R$ 21,496.21",BRL
PRD000954,Financiamento 0954,R$ 762.56,BRL
PRD000955,Seguro 0955,"R$ 19,052.15",BRL
PRD000956,CDB 0956,$ 587.46,USD
PRD000957,Fundo de Investimento 0957,"R$ 21,673.37",BRL
PRD000958,Cambio 0958,"R$ 1,952.24",BRL
PRD000959,Previdencia 0959,"R$ 3,453.55",BRL
PRD000960,Titulo de Capitalizacao 0960,"$ 7,189.41",USD
PRD000961,Conta Digital 0961,"R$ 5,525.14",BRL
PRD000962,Cartao de Credito 0962,"R$ 10,771.24",BRL
PRD000963,Emprestimo Pessoal 0963,"R$ 18,206.82",BRL
PRD000964,Financiamento 0964,"$ 2,256.17",USD
PRD000965,Seguro 0965,"R$ 1,361.60",BRL
PRD000966,CDB 0966,"R$ 9,246.00",BRL
PRD000967,Fundo de Investimento 0967,"R$ 11,823.49",BRL
PRD000968,Cambio 0968,"$ 2,961.81",USD
PRD000969,Previdencia 0969,"R$ 6,612.50",BRL
PRD000970,Titulo de Capitalizacao 0970,"R$ 23,179.23",BRL
PRD000971,Conta Digital 0971,"R$ 2,938.46",BRL
PRD000972,Cartao de Credito 0972,"$ 1,890.81",USD
PRD000973,Emprestimo Pessoal 0973,"R$ 22,081.05",BRL
PRD000974,Financiamento 0974,"R$ 22,984.55",BRL
PRD000975,Seguro 0975,"R$ 1,505.87",BRL
PRD000976,CDB 0976,"$ 3,074.67",USD
PRD000977,Fundo de Investimento 0977,"R$ 21,366.44",BRL
PRD000978,Cambio 0978,"R$ 3,570.84",BRL
PRD000979,Previdencia 0979,"R$ 2,878.62",BRL
PRD000980,Titulo de Capitalizacao 0980,"$ 7,272.65",USD
PRD000981,Conta Digital 0981,"R$ 24,931.19",BRL
PRD000982,Cartao de Credito 0982,"R$ 20,081.70",BRL
PRD000983,Emprestimo Pessoal 0983,"R$ 20,248.53",BRL
PRD000984,Financiamento 0984,"$ 1,307.41",USD
PRD000985,Seguro 0985,"R$ 12,494.17",BRL
PRD000986,CDB 0986,"R$ 20,038.10",BRL
PRD000987,Fundo de Investimento 0987,"R$ 8,406.33",BRL
PRD000988,Cambio 0988,"$ 3,373.59",USD
PRD000989,Previdencia 0989,"R$ 8,815.30",BRL
PRD000990,Titulo de Capitalizacao 0990,"R$ 10,900.57",BRL
PRD000991,Conta Digital 0991,"R$ 11,829.17",BRL
PRD000992,Cartao de Credito 0992,"$ 6,627.95",USD
PRD000993,Emprestimo Pessoal 0993,"R$ 21,518.34",BRL
PRD000994,Financiamento 0994,"R$ 22,441.60",BRL
PRD000995,Seguro 0995,"R$ 15,931.39",BRL
PRD000996,CDB 0996,"$ 5,752.25",USD
PRD000997,Fundo de Investimento 0997,"R$ 23,312.80",BRL
PRD000998,Cambio 0998,"R$ 17,423.42",BRL
PRD000999,Previdencia 0999,"R$ 16,830.52",BRL
PRD001000,Titulo de Capitalizacao 1000,$ 210.73,USD
PRD001001,Conta Digital 1001,"R$ 13,763.41",BRL
PRD001002,Cartao de Credito 1002,"R$ 24,185.03",BRL
PRD001003,Emprestimo Pessoal 1003,"R$ 2,334.66",BRL
PRD001004,Financiamento 1004,"$ 2,430.42",USD
PRD001005,Seguro 1005,"R$ 3,284.13",BRL
PRD001006,CDB 1006,"R$ 21,494.70",BRL
PRD001007,Fundo de Investimento 1007,"R$ 21,019.74",BRL
PRD001008,Cambio 1008,"$ 1,561.04",USD
PRD001009,Previdencia 1009,"R$ 13,248.94",BRL
PRD001010,Titulo de Capitalizacao 1010,"R$ 7,316.58",BRL
PRD001011,Conta Digital 1011,"R$ 1,860.21",BRL
PRD001012,Cartao de Credito 1012,"$ 1,981.26",USD
PRD001013,Emprestimo Pessoal 1013,"R$ 6,897.89",BRL
PRD001014,Financiamento 1014,"R$ 10,168.00",BRL
PRD001015,Seguro 1015,"R$ 8,579.11",BRL
PRD001016,CDB 1016,"$ 3,236.26",USD
PRD001017,Fundo de Investimento 1017,"R$ 6,494.69",BRL
PRD001018,Cambio 1018,"R$ 11,380.53",BRL
PRD001019,Previdencia 1019,"R$ 1,533.18",BRL
PRD001020,Titulo de Capitalizacao 1020,"$ 3,923.11",USD
PRD001021,Conta Digital 1021,"R$ 10,512.85",BRL
PRD001022,Cartao de Credito 1022,"R$ 7,871.77",BRL
PRD001023,Emprestimo Pessoal 1023,"R$ 1,634.40",BRL
PRD001024,Financiamento 1024,"$ 5,953.39",USD
PRD001025,Seguro 1025,"R$ 20,184.98",BRL
PRD001026,CDB 1026,"R$ 17,122.31",BRL
PRD001027,Fundo de Investimento 1027,"R$ 5,239.04",BRL
PRD001028,Cambio 1028,"$ 3,358.82",USD
PRD001029,Previdencia 1029,"R$ 12,071.59",BRL
PRD001030,Titulo de Capitalizacao 1030,"R$ 4,536.24",BRL
PRD001031,Conta Digital 1031,"R$ 10,484.89",BRL
PRD001032,Cartao de Credito 1032,"$ 6,350.34",USD
PRD001033,Emprestimo Pessoal 1033,"R$ 8,850.98",BRL
PRD001034,Financiamento 1034,"R$ 8,204.01",BRL
PRD001035,Seguro 1035,R$ 185.12,BRL
PRD001036,CDB 1036,"$ 4,448.51",USD
PRD001037,Fundo de Investimento 1037,"R$ 5,313.06",BRL
PRD001038,Cambio 1038,"R$ 21,780.64",BRL
PRD001039,Previdencia 1039,"R$ 7,549.49",BRL
PRD001040,Titulo de Capitalizacao 1040,"$ 3,107.87",USD
PRD001041,Conta Digital 1041,"R$ 21,049.22",BRL
PRD001042,Cartao de Credito 1042,"R$ 6,557.14",BRL
PRD001043,Emprestimo Pessoal 1043,"R$ 3,428.75",BRL
PRD001044,Financiamento 1044,$ 892.39,USD
PRD001045,Seguro 1045,"R$ 24,210.36",BRL
PRD001046,CDB 1046,"R$ 17,658.90",BRL
PRD001047,Fundo de Investimento 1047,"R$ 19,978.59",BRL
PRD001048,Cambio 1048,"$ 3,607.19",USD
PRD001049,Previdencia 1049,"R$ 18,667.18",BRL
PRD001050,Titulo de Capitalizacao 1050,"R$ 4,093.46",BRL
PRD001051,Conta Digital 1051,"R$ 14,321.51",BRL
PRD001052,Cartao de Credito 1052,"$ 3,864.71",USD
PRD001053,Emprestimo Pessoal 1053,"R$ 8,504.46",BRL
PRD001054,Financiamento 1054,"R$ 22,281.49",BRL
PRD001055,Seguro 1055,"R$ 20,651.99",BRL
PRD001056,CDB 1056,"$ 1,433.99",USD
PRD001057,Fundo de Investimento 1057,"R$ 16,848.06",BRL
PRD001058,Cambio 1058,"R$ 18,008.57",BRL
PRD001059,Previdencia 1059,"R$ 1,878.87",BRL
PRD001060,Titulo de Capitalizacao 1060,"$ 5,929.24",USD
PRD001061,Conta Digital 1061,"R$ 13,207.42",BRL
PRD001062,Cartao de Credito 1062,"R$ 13,970.70",BRL
PRD001063,Emprestimo Pessoal 1063,"R$ 3,143.01",BRL
PRD001064,Financiamento 1064,"$ 1,337.19",USD
PRD001065,Seguro 1065,"R$ 7,486.05",BRL
PRD001066,CDB 1066,"R$ 21,050.62",BRL
PRD001067,Fundo de Investimento 1067,"R$ 19,564.10",BRL
PRD001068,Cambio 1068,"$ 5,934.95",USD
PRD001069,Previdencia 1069,"R$ 18,968.16",BRL
PRD001070,Titulo de Capitalizacao 1070,"R$ 17,513.42",BRL
PRD001071,Conta Digital 1071,"R$ 20,364.43",BRL
PRD001072,Cartao de Credito 1072,$ 717.21,USD
PRD001073,Emprestimo Pessoal 1073,"R$ 2,204.50",BRL
PRD001074,Financiamento 1074,"R$ 22,608.37",BRL
PRD001075,Seguro 1075,"R$ 6,023.91",BRL
PRD001076,CDB 1076,"$ 1,712.80",USD
PRD001077,Fundo de Investimento 1077,R$ 312.56,BRL
PRD001078,Cambio 1078,"R$ 12,711.54",BRL
PRD001079,Previdencia 1079,"R$ 21,514.75",BRL
PRD001080,Titulo de Capitalizacao 1080,"$ 7,090.31",USD
PRD001081,Conta Digital 1081,"R$ 14,853.21",BRL
PRD001082,Cartao de Credito 1082,"R$ 17,849.28",BRL
PRD001083,Emprestimo Pessoal 1083,"R$ 8,610.99",BRL
PRD001084,Financiamento 1084,"$ 6,691.86",USD
PRD001085,Seguro 1085,"R$ 23,942.81",BRL
PRD001086,CDB 1086,"R$ 3,608.88",BRL
PRD001087,Fundo de Investimento 1087,"R$ 4,939.56",BRL
PRD001088,Cambio 1088,"$ 3,955.37",USD
PRD001089,Previdencia 1089,"R$ 1,126.50",BRL
PRD001090,Titulo de Capitalizacao 1090,R$ 771.51,BRL
PRD001091,Conta Digital 1091,"R$ 4,929.94",BRL
PRD001092,Cartao de Credito 1092,"$ 4,206.67",USD
PRD001093,Emprestimo Pessoal 1093,"R$ 15,362.74",BRL
PRD001094,Financiamento 1094,"R$ 10,101.63",BRL
PRD001095,Seguro 1095,"R$ 19,643.22",BRL
PRD001096,CDB 1096,"$ 6,467.40",USD
PRD001097,Fundo de Investimento 1097,"R$ 12,165.93",BRL
PRD001098,Cambio 1098,"R$ 18,525.49",BRL
PRD001099,Previdencia 1099,"R$ 22,232.72",BRL
PRD001100,Titulo de Capitalizacao 1100,"$ 5,311.09",USD
PRD001101,Conta Digital 1101,"R$ 14,720.62",BRL
PRD001102,Cartao de Credito 1102,"R$ 12,599.38",BRL
PRD001103,Emprestimo Pessoal 1103,"R$ 24,439.75",BRL
PRD001104,Financiamento 1104,"$ 3,278.01",USD
PRD001105,Seguro 1105,"R$ 18,309.62",BRL
PRD001106,CDB 1106,"R$ 23,204.97",BRL
PRD001107,Fundo de Investimento 1107,"R$ 21,681.19",BRL
PRD001108,Cambio 1108,"$ 6,509.44",USD
PRD001109,Previdencia 1109,"R$ 21,373.54",BRL
PRD001110,Titulo de Capitalizacao 1110,"R$ 7,668.33",BRL
PRD001111,Conta Digital 1111,"R$ 10,121.71",BRL
PRD001112,Cartao de Credito 1112,"$ 5,451.64",USD
PRD001113,Emprestimo Pessoal 1113,"R$ 11,442.05",BRL
PRD001114,Financiamento 1114,"R$ 20,421.17",BRL
PRD001115,Seguro 1115,"R$ 8,824.70",BRL
PRD001116,CDB 1116,"$ 2,415.29",USD
PRD001117,Fundo de Investimento 1117,"R$ 8,139.89",BRL
PRD001118,Cambio 1118,"R$ 8,924.46",BRL
PRD001119,Previdencia 1119,"R$ 4,085.64",BRL
PRD001120,Titulo de Capitalizacao 1120,$ 862.16,USD
PRD001121,Conta Digital 1121,"R$ 3,614.47",BRL
PRD001122,Cartao de Credito 1122,"R$ 19,589.25",BRL
PRD001123,Emprestimo Pessoal 1123,"R$ 9,553.19",BRL
PRD001124,Financiamento 1124,"$ 3,491.95",USD
PRD001125,Seguro 1125,"R$ 6,444.46",BRL
PRD001126,CDB 1126,"R$ 5,279.33",BRL
PRD001127,Fundo de Investimento 1127,"R$ 17,958.99",BRL
PRD001128,Cambio 1128,"$ 5,679.78",USD
PRD001129,Previdencia 1129,"R$ 6,215.77",BRL
PRD001130,Titulo de Capitalizacao 1130,"R$ 18,397.73",BRL
PRD001131,Conta Digital 1131,"R$ 23,229.69",BRL
PRD001132,Cartao de Credito 1132,"$ 4,008.52",USD
PRD001133,Emprestimo Pessoal 1133,"R$ 4,981.61",BRL
PRD001134,Financiamento 1134,"R$ 16,656.58",BRL
PRD001135,Seguro 1135,"R$ 11,810.77",BRL
PRD001136,CDB 1136,"$ 1,163.38",USD
PRD001137,Fundo de Investimento 1137,"R$ 11,975.59",BRL
PRD001138,Cambio 1138,"R$ 23,082.98",BRL
PRD001139,Previdencia 1139,"R$ 3,400.90",BRL
PRD001140,Titulo de Capitalizacao 1140,"$ 1,832.57",USD
PRD001141,Conta Digital 1141,"R$ 4,168.45",BRL
PRD001142,Cartao de Credito 1142,"R$ 22,075.44",BRL
PRD001143,Emprestimo Pessoal 1143,"R$ 14,094.71",BRL
PRD001144,Financiamento 1144,"$ 3,265.57",USD
PRD001145,Seguro 1145,"R$ 21,693.28",BRL
PRD001146,CDB 1146,"R$ 6,426.07",BRL
PRD001147,Fundo de Investimento 1147,"R$ 16,258.14",BRL
PRD001148,Cambio 1148,"$ 3,271.04",USD
PRD001149,Previdencia 1149,"R$ 18,201.25",BRL
PRD001150,Titulo de Capitalizacao 1150,"R$ 20,262.80",BRL
PRD001151,Conta Digital 1151,"R$ 3,963.48",BRL
PRD001152,Cartao de Credito 1152,"$ 6,222.43",USD
PRD001153,Emprestimo Pessoal 1153,"R$ 19,129.45",BRL
PRD001154,Financiamento 1154,"R$ 16,623.38",BRL
PRD001155,Seguro 1155,"R$ 20,897.59",BRL
PRD001156,CDB 1156,"$ 1,132.52",USD
PRD001157,Fundo de Investimento 1157,"R$ 15,672.61",BRL
PRD001158,Cambio 1158,"R$ 11,490.84",BRL
PRD001159,Previdencia 1159,"R$ 18,002.62",BRL
PRD001160,Titulo de Capitalizacao 1160,"$ 5,101.57",USD
PRD001161,Conta Digital 1161,"R$ 17,687.04",BRL
PRD001162,Cartao de Credito 1162,"R$ 11,554.35",BRL
PRD001163,Emprestimo Pessoal 1163,"R$ 7,246.85",BRL
PRD001164,Financiamento 1164,"$ 7,026.68",USD
PRD001165,Seguro 1165,"R$ 2,263.26",BRL
PRD001166,CDB 1166,"R$ 20,095.68",BRL
PRD001167,Fundo de Investimento 1167,"R$ 23,247.30",BRL
PRD001168,Cambio 1168,"$ 3,244.61",USD
PRD001169,Previdencia 1169,"R$ 17,768.00",BRL
PRD001170,Titulo de Capitalizacao 1170,"R$ 20,724.24",BRL
PRD001171,Conta Digital 1171,"R$ 8,645.02",BRL
PRD001172,Cartao de Credito 1172,"$ 3,621.31",USD
PRD001173,Emprestimo Pessoal 1173,"R$ 9,368.44",BRL
PRD001174,Financiamento 1174,"R$ 15,558.49",BRL
PRD001175,Seguro 1175,"R$ 22,491.43",BRL
PRD001176,CDB 1176,"$ 1,817.58",USD
PRD001177,Fundo de Investimento 1177,"R$ 10,920.00",BRL
PRD001178,Cambio 1178,"R$ 6,793.85",BRL
PRD001179,Previdencia 1179,"R$ 6,404.80",BRL
PRD001180,Titulo de Capitalizacao 1180,$ 752.63,USD
PRD001181,Conta Digital 1181,"R$ 3,864.13",BRL
PRD001182,Cartao de Credito 1182,"R$ 21,676.68",BRL
PRD001183,Emprestimo Pessoal 1183,"R$ 1,668.10",BRL
PRD001184,Financiamento 1184,"$ 5,810.77",USD
PRD001185,Seguro 1185,"R$ 23,039.42",BRL
PRD001186,CDB 1186,"R$ 8,281.57",BRL
PRD001187,Fundo de Investimento 1187,"R$ 7,119.16",BRL
PRD001188,Cambio 1188,"$ 4,699.42",USD
PRD001189,Previdencia 1189,"R$ 4,382.60",BRL
PRD001190,Titulo de Capitalizacao 1190,"R$ 9,557.18",BRL
PRD001191,Conta Digital 1191,"R$ 9,297.64",BRL
PRD001192,Cartao de Credito 1192,"$ 4,243.53",USD
PRD001193,Emprestimo Pessoal 1193,"R$ 8,978.67",BRL
PRD001194,Financiamento 1194,"R$ 5,178.35",BRL
PRD001195,Seguro 1195,"R$ 2,870.76",BRL
PRD001196,CDB 1196,"$ 3,518.82",USD
PRD001197,Fundo de Investimento 1197,"R$ 20,363.01",BRL
PRD001198,Cambio 1198,"R$ 19,846.02",BRL
PRD001199,Previdencia 1199,"R$ 10,163.49",BRL
PRD001200,Titulo de Capitalizacao 1200,"$ 3,607.88",USD
PRD001201,Conta Digital 1201,"R$ 20,835.35",BRL
PRD001202,Cartao de Credito 1202,"R$ 6,637.76",BRL
PRD001203,Emprestimo Pessoal 1203,"R$ 12,044.62",BRL
PRD001204,Financiamento 1204,"$ 6,566.59",USD
PRD001205,Seguro 1205,"R$ 19,307.90",BRL
PRD001206,CDB 1206,"R$ 18,605.68",BRL
PRD001207,Fundo de Investimento 1207,"R$ 16,690.54",BRL
PRD001208,Cambio 1208,"$ 3,896.44",USD
PRD001209,Previdencia 1209,"R$ 7,660.63",BRL
PRD001210,Titulo de Capitalizacao 1210,"R$ 15,286.26",BRL
PRD001211,Conta Digital 1211,"R$ 22,272.52",BRL
PRD001212,Cartao de Credito 1212,"$ 4,700.90",USD
PRD001213,Emprestimo Pessoal 1213,"R$ 24,118.43",BRL
PRD001214,Financiamento 1214,"R$ 9,730.21",BRL
PRD001215,Seguro 1215,"R$ 10,121.34",BRL
PRD001216,CDB 1216,"$ 3,872.77",USD
PRD001217,Fundo de Investimento 1217,"R$ 21,492.97",BRL
PRD001218,Cambio 1218,"R$ 6,823.31",BRL
PRD001219,Previdencia 1219,"R$ 7,958.41",BRL
PRD001220,Titulo de Capitalizacao 1220,$ 911.71,USD
PRD001221,Conta Digital 1221,"R$ 12,006.43",BRL
PRD001222,Cartao de Credito 1222,"R$ 9,127.22",BRL
PRD001223,Emprestimo Pessoal 1223,"R$ 10,118.10",BRL
PRD001224,Financiamento 1224,$ 83.67,USD
PRD001225,Seguro 1225,"R$ 20,271.91",BRL
PRD001226,CDB 1226,"R$ 15,479.65",BRL
PRD001227,Fundo de Investimento 1227,"R$ 8,358.61",BRL
PRD001228,Cambio 1228,"$ 5,585.64",USD
PRD001229,Previdencia 1229,R$ 615.00,BRL
PRD001230,Titulo de Capitalizacao 1230,"R$ 1,528.72",BRL
PRD001231,Conta Digital 1231,"R$ 6,206.68",BRL
PRD001232,Cartao de Credito 1232,"$ 5,031.61",USD
PRD001233,Emprestimo Pessoal 1233,"R$ 9,908.33",BRL
PRD001234,Financiamento 1234,"R$ 8,459.27",BRL
PRD001235,Seguro 1235,"R$ 7,604.01",BRL
PRD001236,CDB 1236,"$ 4,162.57",USD
PRD001237,Fundo de Investimento 1237,"R$ 13,405.00",BRL
PRD001238,Cambio 1238,"R$ 7,245.30",BRL
PRD001239,Previdencia 1239,"R$ 18,514.92",BRL
PRD001240,Titulo de Capitalizacao 1240,"$ 2,147.34",USD
PRD001241,Conta Digital 1241,"R$ 14,910.44",BRL
PRD001242,Cartao de Credito 1242,"R$ 15,233.97",BRL
PRD001243,Emprestimo Pessoal 1243,"R$ 10,884.23",BRL
PRD001244,Financiamento 1244,"$ 3,954.69",USD
PRD001245,Seguro 1245,"R$ 12,642.68",BRL
PRD001246,CDB 1246,"R$ 19,614.23",BRL
PRD001247,Fundo de Investimento 1247,"R$ 7,815.97",BRL
PRD001248,Cambio 1248,"$ 5,672.14",USD
PRD001249,Previdencia 1249,"R$ 18,767.92",BRL
PRD001250,Titulo de Capitalizacao 1250,"R$ 3,918.54",BRL
PRD001251,Conta Digital 1251,"R$ 12,755.82",BRL
PRD001252,Cartao de Credito 1252,"$ 5,883.44",USD
PRD001253,Emprestimo Pessoal 1253,"R$ 10,989.00",BRL
PRD001254,Financiamento 1254,"R$ 16,297.16",BRL
PRD001255,Seguro 1255,"R$ 23,325.24",BRL
PRD001256,CDB 1256,"$ 1,127.92",USD
PRD001257,Fundo de Investimento 1257,"R$ 10,432.72",BRL
PRD001258,Cambio 1258,"R$ 17,242.26",BRL
PRD001259,Previdencia 1259,"R$ 13,667.39",BRL
PRD001260,Titulo de Capitalizacao 1260,"$ 5,921.60",USD
PRD001261,Conta Digital 1261,"R$ 7,970.74",BRL
PRD001262,Cartao de Credito 1262,"R$ 13,100.32",BRL
PRD001263,Emprestimo Pessoal 1263,"R$ 13,490.05",BRL
PRD001264,Financiamento 1264,$ 573.82,USD
PRD001265,Seguro 1265,"R$ 24,036.27",BRL
PRD001266,CDB 1266,"R$ 9,237.21",BRL
PRD001267,Fundo de Investimento 1267,"R$ 6,405.07",BRL
PRD001268,Cambio 1268,"$ 6,229.21",USD
PRD001269,Previdencia 1269,"R$ 5,821.89",BRL
PRD001270,Titulo de Capitalizacao 1270,"R$ 24,738.73",BRL
PRD001271,Conta Digital 1271,"R$ 8,084.23",BRL
PRD001272,Cartao de Credito 1272,"$ 3,539.16",USD
PRD001273,Emprestimo Pessoal 1273,"R$ 12,994.14",BRL
PRD001274,Financiamento 1274,"R$ 21,627.33",BRL
PRD001275,Seguro 1275,"R$ 17,181.03",BRL
PRD001276,CDB 1276,"$ 3,273.64",USD
PRD001277,Fundo de Investimento 1277,"R$ 24,708.91",BRL
PRD001278,Cambio 1278,"R$ 9,124.23",BRL
PRD001279,Previdencia 1279,"R$ 19,968.63",BRL
PRD001280,Titulo de Capitalizacao 1280,"$ 1,623.79",USD
PRD001281,Conta Digital 1281,"R$ 12,034.28",BRL
PRD001282,Cartao de Credito 1282,"R$ 24,747.41",BRL
PRD001283,Emprestimo Pessoal 1283,"R$ 13,779.92",BRL
PRD001284,Financiamento 1284,"$ 2,095.78",USD
PRD001285,Seguro 1285,"R$ 7,562.32",BRL
PRD001286,CDB 1286,"R$ 6,087.89",BRL
PRD001287,Fundo de Investimento 1287,"R$ 17,997.02",BRL
PRD001288,Cambio 1288,"$ 2,648.60",USD
PRD001289,Previdencia 1289,"R$ 15,543.88",BRL
PRD001290,Titulo de Capitalizacao 1290,"R$ 7,268.28",BRL
PRD001291,Conta Digital 1291,"R$ 2,912.06",BRL
PRD001292,Cartao de Credito 1292,"$ 3,598.85",USD
PRD001293,Emprestimo Pessoal 1293,"R$ 2,184.17",BRL
PRD001294,Financiamento 1294,"R$ 2,348.60",BRL
PRD001295,Seguro 1295,"R$ 13,522.14",BRL
PRD001296,CDB 1296,$ 79.62,USD
PRD001297,Fundo de Investimento 1297,"R$ 2,012.11",BRL
PRD001298,Cambio 1298,"R$ 9,922.06",BRL
PRD001299,Previdencia 1299,"R$ 6,774.65",BRL
PRD001300,Titulo de Capitalizacao 1300,"$ 5,527.20",USD
PRD001301,Conta Digital 1301,"R$ 12,578.89",BRL
PRD001302,Cartao de Credito 1302,"R$ 3,646.09",BRL
PRD001303,Emprestimo Pessoal 1303,"R$ 15,447.29",BRL
PRD001304,Financiamento 1304,"$ 2,086.26",USD
PRD001305,Seguro 1305,"R$ 18,143.93",BRL
PRD001306,CDB 1306,"R$ 16,069.64",BRL
PRD001307,Fundo de Investimento 1307,"R$ 6,192.33",BRL
PRD001308,Cambio 1308,"$ 2,462.61",USD
PRD001309,Previdencia 1309,"R$ 11,373.79",BRL
PRD001310,Titulo de Capitalizacao 1310,"R$ 20,477.85",BRL
PRD001311,Conta Digital 1311,"R$ 22,554.22",BRL
PRD001312,Cartao de Credito 1312,$ 961.03,USD
PRD001313,Emprestimo Pessoal 1313,"R$ 10,790.07",BRL
PRD001314,Financiamento 1314,"R$ 5,046.70",BRL
PRD001315,Seguro 1315,"R$ 1,237.48",BRL
PRD001316,CDB 1316,$ 687.25,USD
PRD001317,Fundo de Investimento 1317,"R$ 14,303.12",BRL
PRD001318,Cambio 1318,"R$ 5,048.37",BRL
PRD001319,Previdencia 1319,"R$ 14,970.84",BRL
PRD001320,Titulo de Capitalizacao 1320,"$ 3,348.56",USD
PRD001321,Conta Digital 1321,"R$ 2,481.11",BRL
PRD001322,Cartao de Credito 1322,"R$ 11,113.19",BRL
PRD001323,Emprestimo Pessoal 1323,"R$ 1,534.34",BRL
PRD001324,Financiamento 1324,"$ 2,296.18",USD
PRD001325,Seguro 1325,"R$ 10,974.05",BRL
PRD001326,CDB 1326,"R$ 9,407.73",BRL
PRD001327,Fundo de Investimento 1327,"R$ 20,671.44",BRL
PRD001328,Cambio 1328,"$ 3,617.19",USD
PRD001329,Previdencia 1329,"R$ 12,464.41",BRL
PRD001330,Titulo de Capitalizacao 1330,"R$ 24,099.90",BRL
PRD001331,Conta Digital 1331,"R$ 5,550.66",BRL
PRD001332,Cartao de Credito 1332,"$ 6,079.33",USD
PRD001333,Emprestimo Pessoal 1333,"R$ 2,099.16",BRL
PRD001334,Financiamento 1334,"R$ 7,301.65",BRL
PRD001335,Seguro 1335,"R$ 23,107.75",BRL
PRD001336,CDB 1336,"$ 4,844.89",USD
PRD001337,Fundo de Investimento 1337,"R$ 1,783.49",BRL
PRD001338,Cambio 1338,"R$ 13,724.45",BRL
PRD001339,Previdencia 1339,"R$ 16,173.40",BRL
PRD001340,Titulo de Capitalizacao 1340,"$ 4,441.04",USD
PRD001341,Conta Digital 1341,"R$ 21,517.36",BRL
PRD001342,Cartao de Credito 1342,"R$ 5,087.08",BRL
PRD001343,Emprestimo Pessoal 1343,"R$ 12,668.60",BRL
PRD001344,Financiamento 1344,"$ 3,787.37",USD
PRD001345,Seguro 1345,"R$ 18,069.16",BRL
PRD001346,CDB 1346,"R$ 8,892.35",BRL
PRD001347,Fundo de Investimento 1347,"R$ 24,832.10",BRL
PRD001348,Cambio 1348,"$ 6,124.56",USD
PRD001349,Previdencia 1349,"R$ 7,510.56",BRL
PRD001350,Titulo de Capitalizacao 1350,"R$ 10,104.87",BRL
PRD001351,Conta Digital 1351,"R$ 15,617.90",BRL
PRD001352,Cartao de Credito 1352,"$ 6,619.53",USD
PRD001353,Emprestimo Pessoal 1353,"R$ 24,453.72",BRL
PRD001354,Financiamento 1354,"R$ 22,310.93",BRL
PRD001355,Seguro 1355,"R$ 6,114.15",BRL
PRD001356,CDB 1356,"$ 6,200.12",USD
PRD001357,Fundo de Investimento 1357,"R$ 5,767.35",BRL
PRD001358,Cambio 1358,"R$ 3,692.46",BRL
PRD001359,Previdencia 1359,"R$ 13,222.70",BRL
PRD001360,Titulo de Capitalizacao 1360,"$ 2,092.39",USD
PRD001361,Conta Digital 1361,"R$ 24,112.02",BRL
PRD001362,Cartao de Credito 1362,"R$ 13,198.42",BRL
PRD001363,Emprestimo Pessoal 1363,"R$ 17,657.00",BRL
PRD001364,Financiamento 1364,"$ 3,846.84",USD
PRD001365,Seguro 1365,"R$ 14,564.06",BRL
PRD001366,CDB 1366,"R$ 9,969.93",BRL
PRD001367,Fundo de Investimento 1367,R$ 674.80,BRL
PRD001368,Cambio 1368,"$ 1,911.47",USD
PRD001369,Previdencia 1369,"R$ 13,802.96",BRL
PRD001370,Titulo de Capitalizacao 1370,"R$ 14,984.76",BRL
PRD001371,Conta Digital 1371,"R$ 2,792.46",BRL
PRD001372,Cartao de Credito 1372,"$ 7,140.70",USD
PRD001373,Emprestimo Pessoal 1373,"R$ 11,716.22",BRL
PRD001374,Financiamento 1374,"R$ 24,365.86",BRL
PRD001375,Seguro 1375,"R$ 19,314.20",BRL
PRD001376,CDB 1376,"$ 5,915.02",USD
PRD001377,Fundo de Investimento 1377,"R$ 20,338.52",BRL
PRD001378,Cambio 1378,"R$ 22,487.74",BRL
PRD001379,Previdencia 1379,"R$ 23,779.48",BRL
PRD001380,Titulo de Capitalizacao 1380,"$ 5,026.51",USD
PRD001381,Conta Digital 1381,"R$ 4,355.01",BRL
PRD001382,Cartao de Credito 1382,"R$ 11,015.89",BRL
PRD001383,Emprestimo Pessoal 1383,"R$ 8,582.36",BRL
PRD001384,Financiamento 1384,"$ 3,840.09",USD
PRD001385,Seguro 1385,"R$ 21,892.89",BRL
PRD001386,CDB 1386,"R$ 14,103.40",BRL
PRD001387,Fundo de Investimento 1387,"R$ 4,557.20",BRL
PRD001388,Cambio 1388,"$ 5,145.85",USD
PRD001389,Previdencia 1389,"R$ 13,006.51",BRL
PRD001390,Titulo de Capitalizacao 1390,"R$ 17,807.72",BRL
PRD001391,Conta Digital 1391,"R$ 18,850.22",BRL
PRD001392,Cartao de Credito 1392,"$ 4,839.44",USD
PRD001393,Emprestimo Pessoal 1393,"R$ 4,771.89",BRL
PRD001394,Financiamento 1394,"R$ 13,244.15",BRL
PRD001395,Seguro 1395,"R$ 21,126.68",BRL
PRD001396,CDB 1396,"$ 4,120.69",USD
PRD001397,Fundo de Investimento 1397,"R$ 5,551.00",BRL
PRD001398,Cambio 1398,"R$ 19,008.13",BRL
PRD001399,Previdencia 1399,"R$ 7,549.05",BRL
PRD001400,Titulo de Capitalizacao 1400,"$ 4,709.74",USD
PRD001401,Conta Digital 1401,"R$ 3,383.60",BRL
PRD001402,Cartao de Credito 1402,"R$ 4,549.53",BRL
PRD001403,Emprestimo Pessoal 1403,"R$ 2,281.85",BRL
PRD001404,Financiamento 1404,"$ 2,526.05",USD
PRD001405,Seguro 1405,"R$ 5,371.13",BRL
PRD001406,CDB 1406,"R$ 6,895.72",BRL
PRD001407,Fundo de Investimento 1407,"R$ 12,012.53",BRL
PRD001408,Cambio 1408,"$ 5,262.50",USD
PRD001409,Previdencia 1409,"R$ 22,360.74",BRL
PRD001410,Titulo de Capitalizacao 1410,"R$ 12,909.88",BRL
PRD001411,Conta Digital 1411,"R$ 23,348.23",BRL
PRD001412,Cartao de Credito 1412,"$ 2,212.45",USD
PRD001413,Emprestimo Pessoal 1413,"R$ 23,859.80",BRL
PRD001414,Financiamento 1414,"R$ 1,184.96",BRL
PRD001415,Seguro 1415,"R$ 9,646.20",BRL
PRD001416,CDB 1416,"$ 5,231.96",USD
PRD001417,Fundo de Investimento 1417,"R$ 11,067.73",BRL
PRD001418,Cambio 1418,"R$ 19,672.71",BRL
PRD001419,Previdencia 1419,"R$ 18,052.42",BRL
PRD001420,Titulo de Capitalizacao 1420,"$ 4,360.71",USD
PRD001421,Conta Digital 1421,"R$ 1,228.53",BRL
PRD001422,Cartao de Credito 1422,"R$ 1,331.99",BRL
PRD001423,Emprestimo Pessoal 1423,"R$ 8,280.20",BRL
PRD001424,Financiamento 1424,"$ 4,745.70",USD
PRD001425,Seguro 1425,"R$ 24,308.02",BRL
PRD001426,CDB 1426,"R$ 24,581.92",BRL
PRD001427,Fundo de Investimento 1427,"R$ 24,183.34",BRL
PRD001428,Cambio 1428,"$ 7,386.02",USD
PRD001429,Previdencia 1429,"R$ 12,655.28",BRL
PRD001430,Titulo de Capitalizacao 1430,"R$ 7,110.35",BRL
PRD001431,Conta Digital 1431,R$ 338.71,BRL
PRD001432,Cartao de Credito 1432,"$ 4,439.92",USD
PRD001433,Emprestimo Pessoal 1433,R$ 375.02,BRL
PRD001434,Financiamento 1434,"R$ 10,980.39",BRL
PRD001435,Seguro 1435,"R$ 3,193.87",BRL
PRD001436,CDB 1436,"$ 6,273.52",USD
PRD001437,Fundo de Investimento 1437,"R$ 3,395.04",BRL
PRD001438,Cambio 1438,"R$ 1,630.98",BRL
PRD001439,Previdencia 1439,"R$ 24,624.61",BRL
PRD001440,Titulo de Capitalizacao 1440,"$ 2,805.89",USD
PRD001441,Conta Digital 1441,"R$ 5,088.90",BRL
PRD001442,Cartao de Credito 1442,"R$ 24,417.41",BRL
PRD001443,Emprestimo Pessoal 1443,"R$ 8,206.08",BRL
PRD001444,Financiamento 1444,"$ 6,159.50",USD
PRD001445,Seguro 1445,"R$ 14,303.10",BRL
PRD001446,CDB 1446,"R$ 24,966.83",BRL
PRD001447,Fundo de Investimento 1447,"R$ 13,714.73",BRL
PRD001448,Cambio 1448,"$ 3,164.50",USD
PRD001449,Previdencia 1449,"R$ 10,579.45",BRL
PRD001450,Titulo de Capitalizacao 1450,"R$ 23,670.51",BRL
PRD001451,Conta Digital 1451,"R$ 19,274.24",BRL
PRD001452,Cartao de Credito 1452,"$ 6,517.39",USD
PRD001453,Emprestimo Pessoal 1453,"R$ 16,979.57",BRL
PRD001454,Financiamento 1454,"R$ 24,667.07",BRL
PRD001455,Seguro 1455,"R$ 19,355.06",BRL
PRD001456,CDB 1456,"$ 4,567.90",USD
PRD001457,Fundo de Investimento 1457,"R$ 11,250.12",BRL
PRD001458,Cambio 1458,"R$ 9,853.63",BRL
PRD001459,Previdencia 1459,"R$ 9,696.41",BRL
PRD001460,Titulo de Capitalizacao 1460,"$ 1,349.83",USD
PRD001461,Conta Digital 1461,R$ 625.19,BRL
PRD001462,Cartao de Credito 1462,"R$ 7,622.96",BRL
PRD001463,Emprestimo Pessoal 1463,"R$ 7,619.13",BRL
PRD001464,Financiamento 1464,$ 108.25,USD
PRD001465,Seguro 1465,"R$ 5,202.37",BRL
PRD001466,CDB 1466,"R$ 14,308.85",BRL
PRD001467,Fundo de Investimento 1467,"R$ 4,788.75",BRL
PRD001468,Cambio 1468,"$ 2,001.77",USD
PRD001469,Previdencia 1469,"R$ 13,853.94",BRL
PRD001470,Titulo de Capitalizacao 1470,"R$ 6,376.87",BRL
PRD001471,Conta Digital 1471,"R$ 7,811.47",BRL
PRD001472,Cartao de Credito 1472,"$ 3,659.78",USD
PRD001473,Emprestimo Pessoal 1473,"R$ 10,698.93",BRL
PRD001474,Financiamento 1474,"R$ 15,647.02",BRL
PRD001475,Seguro 1475,"R$ 21,429.99",BRL
PRD001476,CDB 1476,"$ 6,239.15",USD
PRD001477,Fundo de Investimento 1477,"R$ 5,882.72",BRL
PRD001478,Cambio 1478,"R$ 24,656.47",BRL
PRD001479,Previdencia 1479,"R$ 15,625.93",BRL
PRD001480,Titulo de Capitalizacao 1480,"$ 3,049.63",USD
PRD001481,Conta Digital 1481,"R$ 17,776.57",BRL
PRD001482,Cartao de Credito 1482,"R$ 6,652.90",BRL
PRD001483,Emprestimo Pessoal 1483,"R$ 22,798.82",BRL
PRD001484,Financiamento 1484,"$ 2,651.02",USD
PRD001485,Seguro 1485,"R$ 12,318.38",BRL
PRD001486,CDB 1486,"R$ 19,740.61",BRL
PRD001487,Fundo de Investimento 1487,"R$ 5,609.94",BRL
PRD001488,Cambio 1488,"$ 1,780.96",USD
PRD001489,Previdencia 1489,R$ 930.87,BRL
PRD001490,Titulo de Capitalizacao 1490,"R$ 9,387.54",BRL
PRD001491,Conta Digital 1491,"R$ 2,071.12",BRL
PRD001492,Cartao de Credito 1492,"$ 3,477.45",USD
PRD001493,Emprestimo Pessoal 1493,"R$ 18,819.09",BRL
PRD001494,Financiamento 1494,"R$ 13,096.91",BRL
PRD001495,Seguro 1495,"R$ 12,974.32",BRL
PRD001496,CDB 1496,"$ 2,345.95",USD
PRD001497,Fundo de Investimento 1497,"R$ 7,709.00",BRL
PRD001498,Cambio 1498,"R$ 6,003.08",BRL
PRD001499,Previdencia 1499,R$ 542.19,BRL
PRD001500,Titulo de Capitalizacao 1500,"$ 5,264.63",USD
PRD001501,Conta Digital 1501,"R$ 24,417.54",BRL
PRD001502,Cartao de Credito 1502,"R$ 17,058.31",BRL
PRD001503,Emprestimo Pessoal 1503,"R$ 4,141.47",BRL
PRD001504,Financiamento 1504,"$ 6,885.63",USD
PRD001505,Seguro 1505,"R$ 8,160.86",BRL
PRD001506,CDB 1506,"R$ 1,853.55",BRL
PRD001507,Fundo de Investimento 1507,"R$ 8,496.63",BRL
PRD001508,Cambio 1508,"$ 2,097.53",USD
PRD001509,Previdencia 1509,"R$ 23,977.01",BRL
PRD001510,Titulo de Capitalizacao 1510,"R$ 10,246.25",BRL
PRD001511,Conta Digital 1511,"R$ 18,462.29",BRL
PRD001512,Cartao de Credito 1512,"$ 4,075.74",USD
PRD001513,Emprestimo Pessoal 1513,"R$ 1,943.55",BRL
PRD001514,Financiamento 1514,"R$ 8,819.18",BRL
PRD001515,Seguro 1515,"R$ 4,339.21",BRL
PRD001516,CDB 1516,"$ 3,875.81",USD
PRD001517,Fundo de Investimento 1517,"R$ 16,432.06",BRL
PRD001518,Cambio 1518,"R$ 8,884.60",BRL
PRD001519,Previdencia 1519,"R$ 3,568.61",BRL
PRD001520,Titulo de Capitalizacao 1520,"$ 1,639.67",USD
PRD001521,Conta Digital 1521,"R$ 9,209.76",BRL
PRD001522,Cartao de Credito 1522,"R$ 12,317.30",BRL
PRD001523,Emprestimo Pessoal 1523,R$ 692.10,BRL
PRD001524,Financiamento 1524,"$ 4,959.56",USD
PRD001525,Seguro 1525,"R$ 22,922.44",BRL
PRD001526,CDB 1526,"R$ 22,234.09",BRL
PRD001527,Fundo de Investimento 1527,"R$ 1,816.81",BRL
PRD001528,Cambio 1528,"$ 6,247.60",USD
PRD001529,Previdencia 1529,"R$ 19,011.85",BRL
PRD001530,Titulo de Capitalizacao 1530,"R$ 2,275.39",BRL
PRD001531,Conta Digital 1531,"R$ 18,086.07",BRL
PRD001532,Cartao de Credito 1532,"$ 7,224.21",USD
PRD001533,Emprestimo Pessoal 1533,"R$ 4,637.17",BRL
PRD001534,Financiamento 1534,"R$ 6,021.90",BRL
PRD001535,Seguro 1535,"R$ 18,291.26",BRL
PRD001536,CDB 1536,"$ 2,232.51",USD
PRD001537,Fundo de Investimento 1537,"R$ 13,203.59",BRL
PRD001538,Cambio 1538,"R$ 15,671.30",BRL
PRD001539,Previdencia 1539,"R$ 5,197.77",BRL
PRD001540,Titulo de Capitalizacao 1540,"$ 2,743.39",USD
PRD001541,Conta Digital 1541,"R$ 5,801.84",BRL
PRD001542,Cartao de Credito 1542,"R$ 14,212.12",BRL
PRD001543,Emprestimo Pessoal 1543,"R$ 23,968.63",BRL
PRD001544,Financiamento 1544,"$ 6,417.73",USD
PRD001545,Seguro 1545,"R$ 21,435.59",BRL
PRD001546,CDB 1546,"R$ 23,338.59",BRL
PRD001547,Fundo de Investimento 1547,"R$ 11,712.59",BRL
PRD001548,Cambio 1548,"$ 3,771.88",USD
PRD001549,Previdencia 1549,"R$ 8,561.01",BRL
PRD001550,Titulo de Capitalizacao 1550,"R$ 22,692.37",BRL
PRD001551,Conta Digital 1551,"R$ 12,825.27",BRL
PRD001552,Cartao de Credito 1552,"$ 4,939.27",USD
PRD001553,Emprestimo Pessoal 1553,"R$ 20,234.20",BRL
PRD001554,Financiamento 1554,"R$ 8,108.26",BRL
PRD001555,Seguro 1555,"R$ 2,813.86",BRL
PRD001556,CDB 1556,"$ 4,835.59",USD
PRD001557,Fundo de Investimento 1557,"R$ 23,036.98",BRL
PRD001558,Cambio 1558,"R$ 12,857.90",BRL
PRD001559,Previdencia 1559,"R$ 16,069.88",BRL
PRD001560,Titulo de Capitalizacao 1560,"$ 5,928.47",USD
PRD001561,Conta Digital 1561,"R$ 20,371.94",BRL
PRD001562,Cartao de Credito 1562,"R$ 4,281.17",BRL
PRD001563,Emprestimo Pessoal 1563,"R$ 7,431.85",BRL
PRD001564,Financiamento 1564,"$ 1,050.69",USD
PRD001565,Seguro 1565,"R$ 11,500.11",BRL
PRD001566,CDB 1566,"R$ 22,605.32",BRL
PRD001567,Fundo de Investimento 1567,"R$ 15,312.97",BRL
PRD001568,Cambio 1568,"$ 2,766.38",USD
PRD001569,Previdencia 1569,"R$ 11,071.15",BRL
PRD001570,Titulo de Capitalizacao 1570,"R$ 14,146.93",BRL
PRD001571,Conta Digital 1571,"R$ 22,814.94",BRL
PRD001572,Cartao de Credito 1572,$ 677.40,USD
PRD001573,Emprestimo Pessoal 1573,"R$ 22,617.82",BRL
PRD001574,Financiamento 1574,"R$ 21,449.49",BRL
PRD001575,Seguro 1575,"R$ 22,363.35",BRL
PRD001576,CDB 1576,$ 651.75,USD
PRD001577,Fundo de Investimento 1577,"R$ 1,875.43",BRL
PRD001578,Cambio 1578,R$ 672.35,BRL
PRD001579,Previdencia 1579,"R$ 4,434.48",BRL
PRD001580,Titulo de Capitalizacao 1580,"$ 3,498.00",USD
PRD001581,Conta Digital 1581,"R$ 11,442.61",BRL
PRD001582,Cartao de Credito 1582,"R$ 6,009.02",BRL
PRD001583,Emprestimo Pessoal 1583,"R$ 1,978.90",BRL
PRD001584,Financiamento 1584,"$ 1,958.75",USD
PRD001585,Seguro 1585,"R$ 22,542.43",BRL
PRD001586,CDB 1586,"R$ 7,649.21",BRL
PRD001587,Fundo de Investimento 1587,"R$ 24,135.42",BRL
PRD001588,Cambio 1588,"$ 6,980.21",USD
PRD001589,Previdencia 1589,"R$ 22,504.12",BRL
PRD001590,Titulo de Capitalizacao 1590,"R$ 16,174.15",BRL
PRD001591,Conta Digital 1591,"R$ 15,839.37",BRL
PRD001592,Cartao de Credito 1592,"$ 3,164.88",USD
PRD001593,Emprestimo Pessoal 1593,"R$ 19,456.65",BRL
PRD001594,Financiamento 1594,"R$ 22,175.62",BRL
PRD001595,Seguro 1595,"R$ 10,383.40",BRL
PRD001596,CDB 1596,"$ 2,821.56",USD
PRD001597,Fundo de Investimento 1597,"R$ 19,794.95",BRL
PRD001598,Cambio 1598,"R$ 15,535.38",BRL
PRD001599,Previdencia 1599,"R$ 8,454.98",BRL
PRD001600,Titulo de Capitalizacao 1600,"$ 4,567.41",USD
PRD001601,Conta Digital 1601,"R$ 12,533.29",BRL
PRD001602,Cartao de Credito 1602,"R$ 2,833.96",BRL
PRD001603,Emprestimo Pessoal 1603,"R$ 9,706.89",BRL
PRD001604,Financiamento 1604,"$ 3,806.48",USD
PRD001605,Seguro 1605,"R$ 15,738.41",BRL
PRD001606,CDB 1606,"R$ 18,945.64",BRL
PRD001607,Fundo de Investimento 1607,"R$ 21,773.02",BRL
PRD001608,Cambio 1608,"$ 5,226.80",USD
PRD001609,Previdencia 1609,"R$ 15,929.34",BRL
PRD001610,Titulo de Capitalizacao 1610,"R$ 17,017.69",BRL
PRD001611,Conta Digital 1611,"R$ 3,678.35",BRL
PRD001612,Cartao de Credito 1612,"$ 3,717.89",USD
PRD001613,Emprestimo Pessoal 1613,"R$ 6,471.56",BRL
PRD001614,Financiamento 1614,"R$ 7,747.80",BRL
PRD001615,Seguro 1615,"R$ 22,923.48",BRL
PRD001616,CDB 1616,"$ 1,507.75",USD
PRD001617,Fundo de Investimento 1617,"R$ 24,488.97",BRL
PRD001618,Cambio 1618,"R$ 18,771.44",BRL
PRD001619,Previdencia 1619,"R$ 15,852.76",BRL
PRD001620,Titulo de Capitalizacao 1620,"$ 7,402.56",USD
PRD001621,Conta Digital 1621,"R$ 13,510.50",BRL
PRD001622,Cartao de Credito 1622,"R$ 7,121.67",BRL
PRD001623,Emprestimo Pessoal 1623,"R$ 7,275.03",BRL
PRD001624,Financiamento 1624,"$ 1,574.84",USD
PRD001625,Seguro 1625,"R$ 22,452.89",BRL
PRD001626,CDB 1626,"R$ 7,533.57",BRL
PRD001627,Fundo de Investimento 1627,"R$ 13,312.06",BRL
PRD001628,Cambio 1628,"$ 6,584.16",USD
PRD001629,Previdencia 1629,"R$ 9,791.34",BRL
PRD001630,Titulo de Capitalizacao 1630,"R$ 19,403.07",BRL
PRD001631,Conta Digital 1631,"R$ 15,835.32",BRL
PRD001632,Cartao de Credito 1632,"$ 7,425.10",USD
PRD001633,Emprestimo Pessoal 1633,"R$ 11,001.88",BRL
PRD001634,Financiamento 1634,"R$ 5,375.54",BRL
PRD001635,Seguro 1635,"R$ 21,482.29",BRL
PRD001636,CDB 1636,"$ 2,558.06",USD
PRD001637,Fundo de Investimento 1637,"R$ 12,635.75",BRL
PRD001638,Cambio 1638,"R$ 15,793.20",BRL
PRD001639,Previdencia 1639,"R$ 2,424.13",BRL
PRD001640,Titulo de Capitalizacao 1640,"$ 7,361.16",USD
PRD001641,Conta Digital 1641,"R$ 8,407.09",BRL
PRD001642,Cartao de Credito 1642,"R$ 21,600.17",BRL
PRD001643,Emprestimo Pessoal 1643,"R$ 7,372.18",BRL
PRD001644,Financiamento 1644,"$ 4,890.18",USD
PRD001645,Seguro 1645,"R$ 1,756.08",BRL
PRD001646,CDB 1646,"R$ 11,669.72",BRL
PRD001647,Fundo de Investimento 1647,"R$ 12,860.93",BRL
PRD001648,Cambio 1648,"$ 1,136.61",USD
PRD001649,Previdencia 1649,"R$ 13,247.16",BRL
PRD001650,Titulo de Capitalizacao 1650,R$ 98.86,BRL
PRD001651,Conta Digital 1651,"R$ 1,903.38",BRL
PRD001652,Cartao de Credito 1652,"$ 1,256.18",USD
PRD001653,Emprestimo Pessoal 1653,"R$ 18,576.21",BRL
PRD001654,Financiamento 1654,"R$ 13,541.35",BRL
PRD001655,Seguro 1655,R$ 110.82,BRL
PRD001656,CDB 1656,"$ 6,102.63",USD
PRD001657,Fundo de Investimento 1657,"R$ 11,732.47",BRL
PRD001658,Cambio 1658,"R$ 7,366.36",BRL
PRD001659,Previdencia 1659,"R$ 10,231.91",BRL
PRD001660,Titulo de Capitalizacao 1660,$ 759.63,USD
PRD001661,Conta Digital 1661,"R$ 15,152.87",BRL
PRD001662,Cartao de Credito 1662,"R$ 3,617.22",BRL
PRD001663,Emprestimo Pessoal 1663,"R$ 14,625.33",BRL
PRD001664,Financiamento 1664,"$ 1,572.04",USD
PRD001665,Seguro 1665,"R$ 6,899.18",BRL
PRD001666,CDB 1666,"R$ 12,589.58",BRL
PRD001667,Fundo de Investimento 1667,"R$ 18,550.33",BRL
PRD001668,Cambio 1668,"$ 7,390.59",USD
PRD001669,Previdencia 1669,"R$ 9,833.01",BRL
PRD001670,Titulo de Capitalizacao 1670,"R$ 13,758.49",BRL
PRD001671,Conta Digital 1671,"R$ 7,624.66",BRL
PRD001672,Cartao de Credito 1672,"$ 3,784.53",USD
PRD001673,Emprestimo Pessoal 1673,"R$ 11,139.11",BRL
PRD001674,Financiamento 1674,"R$ 10,049.96",BRL
PRD001675,Seguro 1675,"R$ 22,221.45",BRL
PRD001676,CDB 1676,"$ 1,393.88",USD
PRD001677,Fundo de Investimento 1677,"R$ 16,436.29",BRL
PRD001678,Cambio 1678,"R$ 2,985.38",BRL
PRD001679,Previdencia 1679,"R$ 20,598.23",BRL
PRD001680,Titulo de Capitalizacao 1680,"$ 3,005.31",USD
PRD001681,Conta Digital 1681,"R$ 1,270.28",BRL
PRD001682,Cartao de Credito 1682,"R$ 11,740.13",BRL
PRD001683,Emprestimo Pessoal 1683,"R$ 17,161.42",BRL
PRD001684,Financiamento 1684,"$ 5,436.09",USD
PRD001685,Seguro 1685,"R$ 1,566.75",BRL
PRD001686,CDB 1686,"R$ 10,385.10",BRL
PRD001687,Fundo de Investimento 1687,"R$ 17,771.01",BRL
PRD001688,Cambio 1688,"$ 4,400.14",USD
PRD001689,Previdencia 1689,"R$ 21,538.87",BRL
PRD001690,Titulo de Capitalizacao 1690,"R$ 23,626.84",BRL
PRD001691,Conta Digital 1691,"R$ 20,730.31",BRL
PRD001692,Cartao de Credito 1692,"$ 5,082.92",USD
PRD001693,Emprestimo Pessoal 1693,"R$ 8,512.39",BRL
PRD001694,Financiamento 1694,"R$ 2,316.62",BRL
PRD001695,Seguro 1695,"R$ 19,499.18",BRL
PRD001696,CDB 1696,"$ 2,093.02",USD
PRD001697,Fundo de Investimento 1697,"R$ 3,354.33",BRL
PRD001698,Cambio 1698,"R$ 2,823.26",BRL
PRD001699,Previdencia 1699,"R$ 12,220.42",BRL
PRD001700,Titulo de Capitalizacao 1700,"$ 6,404.41",USD
PRD001701,Conta Digital 1701,R$ 772.90,BRL
PRD001702,Cartao de Credito 1702,"R$ 20,753.16",BRL
PRD001703,Emprestimo Pessoal 1703,"R$ 7,381.20",BRL
PRD001704,Financiamento 1704,"$ 3,962.88",USD
PRD001705,Seguro 1705,"R$ 13,367.40",BRL
PRD001706,CDB 1706,"R$ 6,643.92",BRL
PRD001707,Fundo de Investimento 1707,"R$ 3,241.69",BRL
PRD001708,Cambio 1708,"$ 2,992.45",USD
PRD001709,Previdencia 1709,"R$ 3,488.47",BRL
PRD001710,Titulo de Capitalizacao 1710,"R$ 8,778.32",BRL
PRD001711,Conta Digital 1711,"R$ 9,163.36",BRL
PRD001712,Cartao de Credito 1712,$ 786.77,USD
PRD001713,Emprestimo Pessoal 1713,"R$ 19,516.20",BRL
PRD001714,Financiamento 1714,"R$ 6,840.59",BRL
PRD001715,Seguro 1715,"R$ 12,197.55",BRL
PRD001716,CDB 1716,"$ 2,208.65",USD
PRD001717,Fundo de Investimento 1717,"R$ 15,295.28",BRL
PRD001718,Cambio 1718,"R$ 12,262.36",BRL
PRD001719,Previdencia 1719,"R$ 16,378.82",BRL
PRD001720,Titulo de Capitalizacao 1720,"$ 2,060.15",USD
PRD001721,Conta Digital 1721,"R$ 10,667.46",BRL
PRD001722,Cartao de Credito 1722,"R$ 10,667.84",BRL
PRD001723,Emprestimo Pessoal 1723,"R$ 4,232.99",BRL
PRD001724,Financiamento 1724,"$ 5,711.09",USD
PRD001725,Seguro 1725,"R$ 10,615.59",BRL
PRD001726,CDB 1726,"R$ 23,027.29",BRL
PRD001727,Fundo de Investimento 1727,R$ 793.88,BRL
PRD001728,Cambio 1728,$ 168.05,USD
PRD001729,Previdencia 1729,"R$ 4,652.74",BRL
PRD001730,Titulo de Capitalizacao 1730,"R$ 2,617.61",BRL
PRD001731,Conta Digital 1731,"R$ 14,040.14",BRL
PRD001732,Cartao de Credito 1732,"$ 2,563.14",USD
PRD001733,Emprestimo Pessoal 1733,"R$ 18,649.44",BRL
PRD001734,Financiamento 1734,"R$ 12,965.29",BRL
PRD001735,Seguro 1735,"R$ 15,833.69",BRL
PRD001736,CDB 1736,"$ 4,437.08",USD
PRD001737,Fundo de Investimento 1737,"R$ 16,648.79",BRL
PRD001738,Cambio 1738,"R$ 20,491.20",BRL
PRD001739,Previdencia 1739,"R$ 23,931.25",BRL
PRD001740,Titulo de Capitalizacao 1740,"$ 4,665.51",USD
PRD001741,Conta Digital 1741,"R$ 22,964.89",BRL
PRD001742,Cartao de Credito 1742,"R$ 14,580.46",BRL
PRD001743,Emprestimo Pessoal 1743,"R$ 11,950.00",BRL
PRD001744,Financiamento 1744,"$ 7,483.66",USD
PRD001745,Seguro 1745,"R$ 14,201.28",BRL
PRD001746,CDB 1746,"R$ 9,337.22",BRL
PRD001747,Fundo de Investimento 1747,R$ 745.29,BRL
PRD001748,Cambio 1748,"$ 4,636.92",USD
PRD001749,Previdencia 1749,"R$ 20,556.91",BRL
PRD001750,Titulo de Capitalizacao 1750,"R$ 5,318.19",BRL
PRD001751,Conta Digital 1751,"R$ 20,569.04",BRL
PRD001752,Cartao de Credito 1752,"$ 1,788.87",USD
PRD001753,Emprestimo Pessoal 1753,"R$ 11,905.58",BRL
PRD001754,Financiamento 1754,"R$ 8,922.25",BRL
PRD001755,Seguro 1755,"R$ 15,502.06",BRL
PRD001756,CDB 1756,"$ 2,211.29",USD
PRD001757,Fundo de Investimento 1757,"R$ 15,328.78",BRL
PRD001758,Cambio 1758,"R$ 9,020.95",BRL
PRD001759,Previdencia 1759,"R$ 13,690.02",BRL
PRD001760,Titulo de Capitalizacao 1760,"$ 6,331.60",USD
PRD001761,Conta Digital 1761,"R$ 13,420.40",BRL
PRD001762,Cartao de Credito 1762,"R$ 24,769.44",BRL
PRD001763,Emprestimo Pessoal 1763,"R$ 10,712.24",BRL
PRD001764,Financiamento 1764,"$ 3,387.10",USD
PRD001765,Seguro 1765,"R$ 3,137.91",BRL
PRD001766,CDB 1766,"R$ 1,264.71",BRL
PRD001767,Fundo de Investimento 1767,R$ 128.44,BRL
PRD001768,Cambio 1768,"$ 1,658.26",USD
PRD001769,Previdencia 1769,"R$ 10,548.14",BRL
PRD001770,Titulo de Capitalizacao 1770,"R$ 13,964.62",BRL
PRD001771,Conta Digital 1771,"R$ 22,779.41",BRL
PRD001772,Cartao de Credito 1772,"$ 5,720.95",USD
PRD001773,Emprestimo Pessoal 1773,R$ 163.52,BRL
PRD001774,Financiamento 1774,"R$ 19,966.38",BRL
PRD001775,Seguro 1775,"R$ 1,897.95",BRL
PRD001776,CDB 1776,"$ 3,054.54",USD
PRD001777,Fundo de Investimento 1777,"R$ 11,965.50",BRL
PRD001778,Cambio 1778,"R$ 18,969.91",BRL
PRD001779,Previdencia 1779,"R$ 5,349.49",BRL
PRD001780,Titulo de Capitalizacao 1780,"$ 4,374.74",USD
PRD001781,Conta Digital 1781,"R$ 23,831.62",BRL
PRD001782,Cartao de Credito 1782,"R$ 13,636.35",BRL
PRD001783,Emprestimo Pessoal 1783,"R$ 7,224.62",BRL
PRD001784,Financiamento 1784,$ 547.85,USD
PRD001785,Seguro 1785,"R$ 17,543.82",BRL
PRD001786,CDB 1786,"R$ 19,944.10",BRL
PRD001787,Fundo de Investimento 1787,"R$ 8,518.12",BRL
PRD001788,Cambio 1788,"$ 7,491.17",USD
PRD001789,Previdencia 1789,"R$ 4,514.43",BRL
PRD001790,Titulo de Capitalizacao 1790,"R$ 17,480.97",BRL
PRD001791,Conta Digital 1791,"R$ 7,778.55",BRL
PRD001792,Cartao de Credito 1792,"$ 4,264.60",USD
PRD001793,Emprestimo Pessoal 1793,"R$ 24,141.77",BRL
PRD001794,Financiamento 1794,"R$ 3,635.66",BRL
PRD001795,Seguro 1795,"R$ 6,316.33",BRL
PRD001796,CDB 1796,"$ 2,974.92",USD
PRD001797,Fundo de Investimento 1797,"R$ 11,501.31",BRL
PRD001798,Cambio 1798,"R$ 21,908.94",BRL
PRD001799,Previdencia 1799,"R$ 4,799.77",BRL
PRD001800,Titulo de Capitalizacao 1800,"$ 2,939.78",USD
PRD001801,Conta Digital 1801,"R$ 1,217.86",BRL
PRD001802,Cartao de Credito 1802,"R$ 13,736.36",BRL
PRD001803,Emprestimo Pessoal 1803,"R$ 10,078.23",BRL
PRD001804,Financiamento 1804,"$ 1,473.95",USD
PRD001805,Seguro 1805,"R$ 17,222.97",BRL
PRD001806,CDB 1806,"R$ 8,517.45",BRL
PRD001807,Fundo de Investimento 1807,R$ 312.32,BRL
PRD001808,Cambio 1808,"$ 6,395.74",USD
PRD001809,Previdencia 1809,"R$ 17,598.84",BRL
PRD001810,Titulo de Capitalizacao 1810,"R$ 19,544.04",BRL
PRD001811,Conta Digital 1811,R$ 51.35,BRL
PRD001812,Cartao de Credito 1812,"$ 3,653.59",USD
PRD001813,Emprestimo Pessoal 1813,"R$ 5,079.27",BRL
PRD001814,Financiamento 1814,"R$ 8,343.05",BRL
PRD001815,Seguro 1815,"R$ 10,668.03",BRL
PRD001816,CDB 1816,"$ 5,605.37",USD
PRD001817,Fundo de Investimento 1817,"R$ 15,718.24",BRL
PRD001818,Cambio 1818,"R$ 20,258.26",BRL
PRD001819,Previdencia 1819,R$ 255.31,BRL
PRD001820,Titulo de Capitalizacao 1820,"$ 5,782.03",USD
PRD001821,Conta Digital 1821,"R$ 11,115.98",BRL
PRD001822,Cartao de Credito 1822,"R$ 10,570.12",BRL
PRD001823,Emprestimo Pessoal 1823,"R$ 16,016.92",BRL
PRD001824,Financiamento 1824,"$ 4,869.21",USD
PRD001825,Seguro 1825,"R$ 23,142.38",BRL
PRD001826,CDB 1826,"R$ 21,832.26",BRL
PRD001827,Fundo de Investimento 1827,"R$ 15,165.36",BRL
PRD001828,Cambio 1828,"$ 5,287.03",USD
PRD001829,Previdencia 1829,"R$ 16,028.60",BRL
PRD001830,Titulo de Capitalizacao 1830,"R$ 18,916.33",BRL
PRD001831,Conta Digital 1831,"R$ 15,438.81",BRL
PRD001832,Cartao de Credito 1832,"$ 3,878.48",USD
PRD001833,Emprestimo Pessoal 1833,"R$ 14,498.78",BRL
PRD001834,Financiamento 1834,"R$ 10,149.91",BRL
PRD001835,Seguro 1835,"R$ 19,535.76",BRL
PRD001836,CDB 1836,"$ 3,211.17",USD
PRD001837,Fundo de Investimento 1837,R$ 282.91,BRL
PRD001838,Cambio 1838,"R$ 24,959.87",BRL
PRD001839,Previdencia 1839,"R$ 18,881.33",BRL
PRD001840,Titulo de Capitalizacao 1840,"$ 1,110.16",USD
PRD001841,Conta Digital 1841,"R$ 21,139.14",BRL
PRD001842,Cartao de Credito 1842,"R$ 19,530.52",BRL
PRD001843,Emprestimo Pessoal 1843,"R$ 4,213.79",BRL
PRD001844,Financiamento 1844,"$ 1,961.01",USD
PRD001845,Seguro 1845,"R$ 13,208.93",BRL
PRD001846,CDB 1846,"R$ 5,049.31",BRL
PRD001847,Fundo de Investimento 1847,"R$ 20,361.68",BRL
PRD001848,Cambio 1848,$ 577.57,USD
PRD001849,Previdencia 1849,"R$ 17,760.24",BRL
PRD001850,Titulo de Capitalizacao 1850,"R$ 6,094.10",BRL
PRD001851,Conta Digital 1851,"R$ 8,476.46",BRL
PRD001852,Cartao de Credito 1852,"$ 7,290.45",USD
PRD001853,Emprestimo Pessoal 1853,"R$ 12,067.90",BRL
PRD001854,Financiamento 1854,"R$ 16,194.77",BRL
PRD001855,Seguro 1855,"R$ 3,550.42",BRL
PRD001856,CDB 1856,"$ 3,669.33",USD
PRD001857,Fundo de Investimento 1857,"R$ 2,136.80",BRL
PRD001858,Cambio 1858,"R$ 19,273.85",BRL
PRD001859,Previdencia 1859,"R$ 23,517.45",BRL
PRD001860,Titulo de Capitalizacao 1860,"$ 7,487.61",USD
PRD001861,Conta Digital 1861,"R$ 7,637.25",BRL
PRD001862,Cartao de Credito 1862,"R$ 5,540.99",BRL
PRD001863,Emprestimo Pessoal 1863,"R$ 11,798.05",BRL
PRD001864,Financiamento 1864,"$ 1,372.44",USD
PRD001865,Seguro 1865,"R$ 11,298.53",BRL
PRD001866,CDB 1866,"R$ 19,589.32",BRL
PRD001867,Fundo de Investimento 1867,"R$ 22,176.95",BRL
PRD001868,Cambio 1868,"$ 3,892.11",USD
PRD001869,Previdencia 1869,"R$ 15,691.31",BRL
PRD001870,Titulo de Capitalizacao 1870,"R$ 2,453.48",BRL
PRD001871,Conta Digital 1871,"R$ 18,194.05",BRL
PRD001872,Cartao de Credito 1872,"$ 2,382.81",USD
PRD001873,Emprestimo Pessoal 1873,"R$ 12,351.62",BRL
PRD001874,Financiamento 1874,"R$ 6,824.07",BRL
PRD001875,Seguro 1875,"R$ 17,024.51",BRL
PRD001876,CDB 1876,"$ 5,507.17",USD
PRD001877,Fundo de Investimento 1877,"R$ 23,236.29",BRL
PRD001878,Cambio 1878,"R$ 10,711.22",BRL
PRD001879,Previdencia 1879,"R$ 16,117.71",BRL
PRD001880,Titulo de Capitalizacao 1880,$ 125.18,USD
PRD001881,Conta Digital 1881,"R$ 5,099.55",BRL
PRD001882,Cartao de Credito 1882,"R$ 21,827.88",BRL
PRD001883,Emprestimo Pessoal 1883,"R$ 12,333.96",BRL
PRD001884,Financiamento 1884,"$ 3,421.34",USD
PRD001885,Seguro 1885,"R$ 9,630.89",BRL
PRD001886,CDB 1886,R$ 50.47,BRL
PRD001887,Fundo de Investimento 1887,"R$ 1,683.75",BRL
PRD001888,Cambio 1888,"$ 7,242.88",USD
PRD001889,Previdencia 1889,"R$ 23,995.86",BRL
PRD001890,Titulo de Capitalizacao 1890,"R$ 14,769.32",BRL
PRD001891,Conta Digital 1891,"R$ 18,594.11",BRL
PRD001892,Cartao de Credito 1892,"$ 2,513.04",USD
PRD001893,Emprestimo Pessoal 1893,"R$ 8,144.83",BRL
PRD001894,Financiamento 1894,"R$ 6,646.31",BRL
PRD001895,Seguro 1895,"R$ 24,787.23",BRL
PRD001896,CDB 1896,"$ 4,732.06",USD
PRD001897,Fundo de Investimento 1897,"R$ 20,040.32",BRL
PRD001898,Cambio 1898,"R$ 19,962.09",BRL
PRD001899,Previdencia 1899,"R$ 14,644.94",BRL
PRD001900,Titulo de Capitalizacao 1900,"$ 5,547.05",USD
PRD001901,Conta Digital 1901,"R$ 24,594.20",BRL
PRD001902,Cartao de Credito 1902,"R$ 11,825.91",BRL
PRD001903,Emprestimo Pessoal 1903,"R$ 10,139.74",BRL
PRD001904,Financiamento 1904,"$ 4,205.73",USD
PRD001905,Seguro 1905,"R$ 14,837.56",BRL
PRD001906,CDB 1906,"R$ 19,051.50",BRL
PRD001907,Fundo de Investimento 1907,"R$ 6,182.30",BRL
PRD001908,Cambio 1908,"$ 5,413.36",USD
PRD001909,Previdencia 1909,"R$ 8,660.75",BRL
PRD001910,Titulo de Capitalizacao 1910,"R$ 11,224.71",BRL
PRD001911,Conta Digital 1911,"R$ 11,151.57",BRL
PRD001912,Cartao de Credito 1912,"$ 5,293.02",USD
PRD001913,Emprestimo Pessoal 1913,"R$ 13,838.80",BRL
PRD001914,Financiamento 1914,"R$ 14,220.36",BRL
PRD001915,Seguro 1915,"R$ 9,463.63",BRL
PRD001916,CDB 1916,"$ 3,334.37",USD
PRD001917,Fundo de Investimento 1917,"R$ 17,551.98",BRL
PRD001918,Cambio 1918,"R$ 22,560.68",BRL
PRD001919,Previdencia 1919,"R$ 14,980.55",BRL
PRD001920,Titulo de Capitalizacao 1920,"$ 1,649.68",USD
PRD001921,Conta Digital 1921,"R$ 19,897.84",BRL
PRD001922,Cartao de Credito 1922,"R$ 16,286.89",BRL
PRD001923,Emprestimo Pessoal 1923,"R$ 8,295.72",BRL
PRD001924,Financiamento 1924,"$ 3,244.87",USD
PRD001925,Seguro 1925,"R$ 11,611.87",BRL
PRD001926,CDB 1926,"R$ 23,197.06",BRL
PRD001927,Fundo de Investimento 1927,"R$ 11,844.65",BRL
PRD001928,Cambio 1928,$ 325.04,USD
PRD001929,Previdencia 1929,"R$ 22,585.92",BRL
PRD001930,Titulo de Capitalizacao 1930,"R$ 24,535.11",BRL
PRD001931,Conta Digital 1931,"R$ 4,996.38",BRL
PRD001932,Cartao de Credito 1932,"$ 5,448.17",USD
PRD001933,Emprestimo Pessoal 1933,"R$ 6,089.68",BRL
PRD001934,Financiamento 1934,"R$ 22,706.58",BRL
PRD001935,Seguro 1935,"R$ 15,776.02",BRL
PRD001936,CDB 1936,"$ 4,807.59",USD
PRD001937,Fundo de Investimento 1937,"R$ 24,010.58",BRL
PRD001938,Cambio 1938,"R$ 17,653.47",BRL
PRD001939,Previdencia 1939,"R$ 3,911.60",BRL
PRD001940,Titulo de Capitalizacao 1940,"$ 2,718.85",USD
PRD001941,Conta Digital 1941,"R$ 24,597.22",BRL
PRD001942,Cartao de Credito 1942,"R$ 15,323.06",BRL
PRD001943,Emprestimo Pessoal 1943,"R$ 23,857.63",BRL
PRD001944,Financiamento 1944,"$ 1,021.55",USD
PRD001945,Seguro 1945,"R$ 7,118.93",BRL
PRD001946,CDB 1946,"R$ 1,881.15",BRL
PRD001947,Fundo de Investimento 1947,"R$ 2,011.52",BRL
PRD001948,Cambio 1948,$ 391.49,USD
PRD001949,Previdencia 1949,"R$ 17,888.09",BRL
PRD001950,Titulo de Capitalizacao 1950,"R$ 17,694.19",BRL
PRD001951,Conta Digital 1951,"R$ 5,762.70",BRL
PRD001952,Cartao de Credito 1952,"$ 1,256.84",USD
PRD001953,Emprestimo Pessoal 1953,"R$ 11,971.75",BRL
PRD001954,Financiamento 1954,"R$ 22,732.48",BRL
PRD001955,Seguro 1955,"R$ 23,323.82",BRL
PRD001956,CDB 1956,"$ 1,128.23",USD
PRD001957,Fundo de Investimento 1957,"R$ 20,577.86",BRL
PRD001958,Cambio 1958,"R$ 13,314.01",BRL
PRD001959,Previdencia 1959,"R$ 11,373.21",BRL
PRD001960,Titulo de Capitalizacao 1960,"$ 5,497.35",USD
PRD001961,Conta Digital 1961,"R$ 23,634.63",BRL
PRD001962,Cartao de Credito 1962,"R$ 18,062.90",BRL
PRD001963,Emprestimo Pessoal 1963,"R$ 18,332.07",BRL
PRD001964,Financiamento 1964,"$ 6,078.07",USD
PRD001965,Seguro 1965,"R$ 16,145.35",BRL
PRD001966,CDB 1966,"R$ 3,504.86",BRL
PRD001967,Fundo de Investimento 1967,"R$ 7,653.57",BRL
PRD001968,Cambio 1968,$ 218.87,USD
PRD001969,Previdencia 1969,"R$ 22,645.23",BRL
PRD001970,Titulo de Capitalizacao 1970,"R$ 4,126.07",BRL
PRD001971,Conta Digital 1971,"R$ 16,310.25",BRL
PRD001972,Cartao de Credito 1972,"$ 4,607.12",USD
PRD001973,Emprestimo Pessoal 1973,"R$ 20,161.22",BRL
PRD001974,Financiamento 1974,"R$ 15,364.01",BRL
PRD001975,Seguro 1975,"R$ 1,968.41",BRL
PRD001976,CDB 1976,"$ 3,817.99",USD
PRD001977,Fundo de Investimento 1977,"R$ 18,983.65",BRL
PRD001978,Cambio 1978,"R$ 10,037.84",BRL
PRD001979,Previdencia 1979,"R$ 5,891.60",BRL
PRD001980,Titulo de Capitalizacao 1980,"$ 3,572.10",USD
PRD001981,Conta Digital 1981,"R$ 2,769.99",BRL
PRD001982,Cartao de Credito 1982,"R$ 10,429.86",BRL
PRD001983,Emprestimo Pessoal 1983,"R$ 13,494.32",BRL
PRD001984,Financiamento 1984,"$ 5,021.42",USD
PRD001985,Seguro 1985,"R$ 7,932.72",BRL
PRD001986,CDB 1986,"R$ 13,844.55",BRL
PRD001987,Fundo de Investimento 1987,"R$ 21,353.21",BRL
PRD001988,Cambio 1988,"$ 6,019.81",USD
PRD001989,Previdencia 1989,"R$ 9,340.25",BRL
PRD001990,Titulo de Capitalizacao 1990,"R$ 23,025.27",BRL
PRD001991,Conta Digital 1991,"R$ 24,750.67",BRL
PRD001992,Cartao de Credito 1992,"$ 1,487.14",USD
PRD001993,Emprestimo Pessoal 1993,"R$ 6,204.95",BRL
PRD001994,Financiamento 1994,"R$ 13,495.57",BRL
PRD001995,Seguro 1995,"R$ 18,664.63",BRL
PRD001996,CDB 1996,"$ 1,617.36",USD
PRD001997,Fundo de Investimento 1997,"R$ 4,807.27",BRL
PRD001998,Cambio 1998,"R$ 2,271.48",BRL
PRD001999,Previdencia 1999,"R$ 11,644.53",BRL
PRD002000,Titulo de Capitalizacao 2000,"$ 5,836.86",USD
